TXID,DATE_TIME,SENDER_ID,RECIPIENT_ID,HOST_ID,AMOUNT_SENT,AMOUNT_RECEIVED,NOTES,FEE
1,14/11/2023 09:38:00,290279,771256,892058,999.42,993.42,TEXTBOOK SHARE,6
2,10/10/2024 23:07:01,216421,194270,895509,784.56,779.64,Yoga class,4.92
3,21/06/2024 20:19:36,665445,840829,803650,809.77,804.72,Dinner last night,5.05
4,17/03/2024 20:53:44,762143,244990,529725,129.01,127.36,Enjoy!,1.65
5,14/06/2025 07:28:33,659655,672212,313030,567.8,563.96,Workshop fee,3.84
6,12/03/2025 10:15:05,625134,928533,620551,550.23,546.48,Group gift,3.75
7,15/08/2025 03:11:09,274293,978806,529725,671.53,667.17,Brother's share,4.36
8,10/03/2025 10:22:57,442703,543676,232079,951.96,946.2,Pet sitting,5.76
9,05/05/2024 10:33:48,543676,808662,261779,386.39,383.46,Spotify family,2.93
10,24/08/2025 20:20:59,382753,510543,827955,767.23,762.39,Welcome party,4.84
11,04/09/2025 08:26:58,510543,234055,175713,203.82,201.8,Photography gear,2.02
12,02/01/2025 14:39:59,382753,808662,827955,658.15,653.86,Holiday fund,4.29
13,29/06/2025 19:40:18,922494,234055,175713,484.39,480.97,Taxi share,3.42
14,14/05/2025 05:39:13,922494,879554,175713,673.4,669.03,Concert tickets,4.37
15,08/05/2024 14:45:29,173686,793264,332732,98.73,97.24,Thanks for dinner!,1.49
16,12/08/2025 04:22:45,928533,665445,713474,824.94,819.82,Thanks dad!,5.12
17,24/02/2024 13:25:17,385205,729474,529660,529.91,526.26,Mini golf fun,3.65
18,11/12/2024 04:48:28,137641,123752,713474,430.28,427.13,Fish tank supplies,3.15
19,13/11/2023 00:56:15,999885,643351,147837,951.89,946.13,Your share,5.76
20,25/08/2024 16:39:05,543676,728880,261779,650.14,645.89,Art supplies,4.25
21,16/03/2024 04:49:49,382272,978806,476826,772.25,767.39,School supplies,4.86
22,31/12/2024 19:21:50,349321,922494,426032,282.06,279.65,Party supplies,2.41
23,31/05/2025 05:18:39,193501,729474,537629,670.87,666.52,Swimming pool pass,4.35
24,23/04/2024 07:58:50,643351,928533,584090,739.51,734.81,Pet toys,4.7
25,14/01/2025 14:47:45,234055,951587,512003,33.4,32.23,Wedding gift,1.17
26,15/04/2025 13:24:11,962129,125053,817148,397,394.01,Thanks for dinner!,2.99
27,25/08/2025 06:47:02,283675,243026,232079,601.08,597.07,Golf round,4.01
28,29/01/2024 19:23:40,382272,729474,476826,727.27,722.63,Book club dues,4.64
29,03/05/2025 20:24:06,840829,922494,620551,727.1,722.46,BBQ supplies,4.64
30,23/03/2025 14:22:54,729474,123752,129257,94.8,93.33,Workshop materials,1.47
31,22/12/2024 09:11:31,125053,173686,341531,373.29,370.42,Anniversary gift,2.87
32,20/08/2025 02:02:15,928533,193501,776787,76.94,75.56,Cafe money,1.38
33,11/01/2025 00:05:11,906388,234055,529725,278.44,276.05,Golf round,2.39
34,21/05/2025 20:04:06,248056,660696,384186,339.67,336.97,Thanks for dinner!,2.7
35,28/06/2025 07:37:08,243026,760482,984315,340.23,337.53,Theme park tickets,2.7
36,14/03/2025 04:40:59,795275,771210,529660,757.29,752.5,Art supplies,4.79
37,25/08/2021 12:39:13,782705,793264,232079,11.22,10.16,As promised!,1.06
38,20/05/2024 13:46:25,442703,793264,232079,388.7,385.76,Pet supplies,2.94
39,27/06/2025 18:49:24,626486,659655,426032,843.61,838.39,Toll money,5.22
40,25/01/2023 17:05:32,767054,951587,776787,98.23,96.74,Family reunion,1.49
41,30/04/2025 17:39:25,251878,502400,931291,126.47,124.84,Tennis court fee,1.63
42,06/10/2023 13:40:07,249849,125053,529725,514.63,511.06,Cable share,3.57
43,18/07/2025 18:43:27,415172,243026,829678,788.41,783.47,Baby shower gift,4.94
44,26/12/2023 18:16:02,928533,382272,776787,544.34,540.62,Thank you!,3.72
45,02/12/2023 13:08:41,962755,357218,535423,311.63,309.07,Tennis court fee,2.56
46,23/06/2025 13:53:50,249849,243026,529725,352.64,349.88,Family vacation fund,2.76
47,03/05/2023 01:11:17,808662,771256,332732,141.2,139.49,Group project,1.71
48,17/04/2025 23:40:04,502400,659655,232079,610.19,606.14,Workshop materials,4.05
49,24/02/2025 12:35:41,194071,415172,512003,154.91,153.14,As promised!,1.77
50,25/08/2025 20:59:50,234055,922494,389226,143.81,142.09,Baby shower gift,1.72
51,28/12/2024 07:44:07,906388,194270,529725,937.08,931.39,My portion,5.69
52,02/04/2025 10:09:43,193501,681780,817148,644.42,640.2,Hobby supplies,4.22
53,10/06/2025 01:13:17,193501,575781,444855,160.5,158.7,Family vacation fund,1.8
54,04/09/2025 02:24:52,249849,274293,529725,756.71,751.93,Car wash,4.78
55,12/11/2024 10:43:41,728880,234055,521818,130.17,128.52,Thanks dad!,1.65
56,10/08/2022 11:24:50,793264,665445,827955,636.86,632.68,Birthday party,4.18
57,20/09/2024 14:46:30,879554,123752,353973,531.77,528.11,Decoration fund,3.66
58,12/12/2024 21:24:09,681780,290279,943804,657.54,653.25,Tutorial payment,4.29
59,17/05/2025 03:18:31,502400,672212,232079,736.28,731.6,Hobby supplies,4.68
60,09/01/2025 21:16:05,290279,234055,476826,29,27.85,My part,1.15
61,06/06/2025 20:08:53,660696,729474,353973,622.76,618.65,Road trip fund,4.11
62,19/08/2025 22:55:45,999885,906388,383707,492.98,489.52,For today,3.46
63,01/01/2023 15:36:55,681780,234055,943804,845.91,840.68,Takeout share,5.23
64,25/12/2024 23:25:42,922494,140738,438076,331.43,328.77,Mini golf fun,2.66
65,01/05/2025 02:19:42,234055,382272,512003,893.16,887.69,Fish tank supplies,5.47
66,23/01/2022 19:22:03,728880,194071,521818,691.25,686.79,Library fees,4.46
67,28/05/2025 13:13:56,962129,660696,817148,260.53,258.23,Movie night!,2.3
68,17/06/2025 16:32:55,173686,974668,425996,455.62,452.34,Airport shuttle,3.28
69,24/07/2024 18:23:54,999885,795275,542061,740.06,735.36,Sister's gift,4.7
70,28/08/2025 17:28:18,978806,510543,584090,662.45,658.14,Thanks grandma!,4.31
71,10/04/2025 21:04:31,626486,364480,426032,740.13,735.43,Celebration fund,4.7
72,08/08/2025 20:42:08,274293,879554,529725,776.91,772.03,Food delivery,4.88
73,24/05/2025 22:44:38,521240,660696,384186,107.41,105.87,Theater tickets,1.54
74,11/09/2024 06:08:10,173686,808662,425996,976.23,970.35,Rent payment,5.88
75,29/06/2025 23:42:10,123752,922494,426032,776.89,772.01,Craft materials,4.88
76,06/01/2025 15:01:52,290279,962129,892058,800.73,795.73,Thanks for dinner!,5
77,25/02/2025 06:29:29,194270,707847,261779,921.09,915.48,Wedding gift,5.61
78,17/08/2025 00:41:25,962129,382753,537629,119.7,118.1,Cleaning supplies,1.6
79,22/02/2022 20:58:21,951587,760482,462130,929.03,923.38,Vet bill,5.65
80,20/01/2025 14:39:07,234055,906388,512003,323.75,321.13,Baby shower gift,2.62
81,14/07/2025 06:56:23,643351,756639,584090,639.71,635.51,Cooking class,4.2
82,14/07/2025 10:47:59,173686,689833,425996,731.21,726.55,Bike share,4.66
83,07/08/2025 05:44:19,951587,294053,462130,730.67,726.02,Cafe money,4.65
84,21/08/2025 01:46:38,418277,575781,700530,842.3,837.09,Library fees,5.21
85,21/07/2024 17:35:49,137641,442703,776787,304.57,302.05,Snacks for movie,2.52
86,15/02/2024 17:27:14,729474,808662,129257,763.51,758.69,Cheers!,4.82
87,24/11/2024 10:38:37,978806,244990,584090,744.29,739.57,Club dues,4.72
88,26/09/2024 19:12:16,283675,962129,232079,744.92,740.2,Tennis court fee,4.72
89,03/06/2024 05:49:33,194071,194270,389226,543.31,539.59,Course fees,3.72
90,04/07/2025 11:11:09,660696,807220,544191,834.35,829.18,Art supplies,5.17
91,08/05/2025 08:57:36,364480,762143,529660,758.7,753.91,Birthday party,4.79
92,30/03/2025 13:24:02,660696,665445,544191,391.52,388.56,My part,2.96
93,25/08/2025 00:31:47,187388,543676,776787,397.61,394.62,Theater tickets,2.99
94,17/03/2025 12:00:40,689833,665445,228232,189.51,187.56,Coffee money,1.95
95,07/04/2025 01:00:28,562120,672212,383707,486.16,482.73,Bus pass,3.43
96,02/04/2025 14:27:28,660696,782705,544191,705.91,701.38,Road trip fund,4.53
97,20/08/2025 02:10:19,840829,771210,620551,32.7,31.54,Rent payment,1.16
98,11/11/2024 04:29:15,681780,951587,803650,698.46,693.97,Pet sitting,4.49
99,11/07/2024 06:23:54,771210,283675,620551,525.09,521.46,Online course,3.63
100,17/08/2025 17:16:48,782705,756639,232079,377.71,374.82,Comedy show,2.89
101,15/07/2024 23:36:39,762143,779290,529725,933.78,928.11,Split share,5.67
102,14/08/2021 09:34:40,767054,665445,776787,501.2,497.69,Enjoy!,3.51
103,04/07/2024 06:00:41,767054,643351,776787,841.4,836.19,Course fees,5.21
104,19/10/2024 20:46:01,793264,795275,827955,192.63,190.67,My part,1.96
105,04/06/2025 04:50:36,418277,442703,700530,35.93,34.75,Uber split,1.18
106,27/05/2025 11:31:46,521240,840829,384186,266.7,264.37,Swimming pool pass,2.33
107,23/05/2025 10:17:14,283675,349321,232079,486.1,482.67,Sports gear,3.43
108,19/07/2025 16:51:54,283675,626486,232079,708.96,704.42,Love you!,4.54
109,19/08/2025 09:44:25,729474,243026,129257,442.48,439.27,Party supplies,3.21
110,28/09/2022 18:33:52,767054,194071,713474,167.32,165.48,Insurance split,1.84
111,04/09/2025 01:12:25,771210,187388,620551,477.34,473.95,Welcome party,3.39
112,17/12/2023 01:37:19,760482,357218,803650,254.51,252.24,Bus pass,2.27
113,19/07/2025 15:47:52,793264,807220,827955,434.6,431.43,Basketball court,3.17
114,28/04/2025 01:37:36,248056,125053,931291,492.7,489.24,Road trip fund,3.46
115,05/05/2022 23:17:21,779290,234055,129257,537.1,533.41,Thanks dad!,3.69
116,17/04/2025 06:39:46,767054,382753,713474,31.61,30.45,Enjoy!,1.16
117,18/02/2024 16:01:29,216421,672212,341531,399.51,39006.51,Fish tank supplies,3
118,18/07/2024 17:01:02,502400,779290,232079,499.54,496.04,Road trip fund,3.5
119,05/02/2021 00:16:42,795275,442703,954321,727.9,723.26,As discussed,4.64
120,12/08/2025 00:58:18,446699,910951,228232,122.95,121.34,Pet sitting,1.61
121,20/01/2025 18:42:58,922494,672212,175713,686.92,682.49,Garden supplies,4.43
122,29/08/2025 12:57:59,910951,784106,423390,725.59,720.96,Thanks grandma!,4.63
123,26/03/2025 13:59:58,767054,659655,776787,434.34,431.17,Brunch share,3.17
124,10/03/2025 06:24:05,779290,771256,129257,106.59,105.06,Garden tools,1.53
125,30/06/2024 07:11:05,729474,594592,129257,120.82,119.22,My part,1.6
126,07/07/2024 10:29:47,283675,681780,232079,502.28,498.77,Coffee money,3.51
127,26/04/2025 09:17:30,543676,922494,261779,759.18,754.38,Train ticket,4.8
128,12/01/2025 15:33:36,502400,306988,232079,947.17,941.43,Food delivery,5.74
129,30/04/2025 02:15:03,543676,681780,261779,556.99,553.21,Spotify family,3.78
130,20/03/2025 14:29:17,382272,415172,476826,378.21,375.32,Music lesson,2.89
131,28/08/2025 10:22:50,418277,510543,700530,777.86,772.97,Baby shower gift,4.89
132,07/05/2024 03:08:51,385205,173686,954321,294.27,291.8,Car maintenance,2.47
133,16/01/2024 12:04:43,978806,782705,584090,646.25,642.02,Mini golf fun,4.23
134,05/05/2025 01:27:37,193501,767054,444855,795.33,790.35,Miss you!,4.98
135,27/08/2024 07:38:20,306988,594592,803650,511.98,508.42,Sister's gift,3.56
136,18/02/2025 14:06:11,906388,216421,529725,160.58,158.78,Celebration fund,1.8
137,19/01/2025 23:18:38,840829,906388,620551,126.47,124.84,Book club dues,1.63
138,01/08/2025 22:52:46,793264,244990,827955,423.58,420.46,Lunch payment,3.12
139,24/09/2024 20:53:01,760482,194270,803650,329.78,327.13,Cleaning supplies,2.65
140,24/09/2024 19:35:10,306988,795275,943804,564.16,560.34,Ice cream run,3.82
141,03/02/2025 20:32:43,364480,140738,984315,217.66,215.57,Brother's share,2.09
142,06/08/2025 00:11:50,418277,415172,521818,713.14,708.57,For today,4.57
143,05/02/2023 12:46:36,771256,643351,353973,655.15,650.87,Workshop materials,4.28
144,05/04/2024 19:44:20,760482,234055,803650,121.81,120.2,Movie night!,1.61
145,11/07/2025 21:32:20,194071,521240,389226,455.85,452.57,Dinner last night,3.28
146,12/12/2022 12:46:07,216421,951587,341531,740.69,735.99,Online course,4.7
147,22/08/2025 13:12:42,382753,243026,827955,40.8,39.6,Family reunion,1.2
148,14/08/2025 01:36:03,140738,771256,892058,321.77,319.16,Comedy show,2.61
149,21/07/2023 19:04:24,729474,767054,129257,857.18,851.89,Happy Birthday!,5.29
150,29/05/2024 05:33:10,978806,681780,584090,346.98,344.25,Comedy show,2.73
151,20/08/2025 10:58:28,251878,382753,931291,220.52,218.42,Pet sitting,2.1
152,06/07/2025 03:50:56,707847,689833,803650,761.66,756.85,Split share,4.81
153,10/11/2023 16:13:31,729474,728880,129257,790.56,785.61,Pet supplies,4.95
154,16/03/2025 14:11:32,415172,575781,111745,177.39,175.5,League fees,1.89
155,24/07/2025 22:51:28,290279,243026,476826,418.63,415.54,Toll money,3.09
156,29/06/2025 16:34:50,808662,594592,332732,742.51,737.8,Car wash,4.71
157,09/09/2023 02:12:08,521240,442703,238563,756.42,751.64,Team uniforms,4.78
158,09/04/2024 14:31:10,681780,125053,943804,311.7,309.14,Pizza night,2.56
159,08/04/2025 12:29:06,643351,502400,584090,226.26,224.13,Garden supplies,2.13
160,10/10/2024 20:34:14,123752,594592,426032,270.68,268.33,Gym membership,2.35
161,11/05/2025 21:24:10,625134,879554,620551,308.25,305.71,Electric bill,2.54
162,01/06/2025 12:01:19,974668,194071,584090,57.66,56.37,Sister's gift,1.29
163,07/03/2024 15:38:28,249849,194071,529725,989.14,983.19,Furniture share,5.95
164,01/03/2022 10:38:42,216421,760482,895509,434.89,431.72,Swimming pool pass,3.17
165,08/01/2025 20:13:23,216421,364480,341531,228.02,225.88,Your share,2.14
166,02/07/2025 07:56:11,922494,243026,438076,830.99,825.84,Sister's gift,5.15
167,02/09/2024 02:29:36,999885,643351,829678,91.38,89.92,As discussed,1.46
168,24/01/2024 00:32:01,543676,879554,261779,448000.95,447997.71,Internet bill,3.24
169,01/06/2025 15:07:45,251878,364480,931291,790.91,785.96,Cable share,4.95
170,01/08/2025 08:08:52,672212,784106,746701,241.84,239.63,Golf round,2.21
171,24/11/2024 19:07:22,771256,140738,353973,478.17,474.78,League fees,3.39
172,12/08/2025 05:36:08,251878,415172,384186,892.57,887.11,Garden supplies,5.46
173,24/02/2025 22:36:19,446699,415172,228232,55.19,53.91,Photography gear,1.28
174,06/11/2024 00:40:52,659655,779290,535423,338.03,335.34,Have fun!,2.69
175,03/09/2025 07:35:12,243026,216421,954321,287.88,285.44,Rent payment,2.44
176,05/08/2025 22:12:18,689833,290279,228232,834.98,829.81,Photography gear,5.17
177,17/12/2024 07:38:56,729474,928533,129257,226.32,224.19,Farewell gift,2.13
178,15/03/2025 11:51:45,807220,728880,954321,818.52,813.43,Thanks grandma!,5.09
179,06/05/2024 22:42:52,234055,521240,512003,881.06,875.65,Museum tickets,5.41
180,31/08/2024 07:14:37,194270,283675,268383,705.24,700.71,Parking fee,4.53
181,18/02/2025 08:59:23,689833,999885,228232,400.63,397.63,Pizza night,3
182,24/06/2025 21:59:38,978806,910951,584090,716.89,712.31,Gaming subscription,4.58
183,31/05/2025 13:59:12,795275,173686,984315,864.25,858.93,Toll money,5.32
184,28/07/2025 21:28:56,756639,771256,584090,668.64,664.3,Dance class,4.34
185,03/12/2024 19:54:47,123752,840829,426032,600.36,596.36,Vet bill,4
186,29/01/2025 19:35:26,382753,194071,827955,942.31,936.6,Camping supplies,5.71
187,19/11/2024 19:22:09,385205,771256,954321,889.16,883.71,Have fun!,5.45
188,05/06/2024 16:59:50,521240,125053,931291,616.45,612.37,Pet sitting,4.08
189,29/06/2025 09:17:18,249849,251878,529725,830.73,825.58,Uber split,5.15
190,13/07/2025 22:13:43,194071,446699,512003,302.09,299.58,Birthday party,2.51
191,24/05/2025 12:47:29,290279,928533,476826,223.89,221.77,Theater tickets,2.12
192,06/07/2025 18:17:24,784106,234055,544191,695.57,691.09,Lab supplies,4.48
193,24/03/2024 12:26:06,999885,125053,111745,313.25,310.68,Welcome party,2.57
194,21/01/2025 02:57:33,906388,962755,529725,455.62,452.34,Train ticket,3.28
195,06/07/2022 06:13:31,194071,681780,512003,107.88,106.34,Insurance split,1.54
196,04/09/2025 23:26:53,625134,187388,620551,380.81,377.91,Thanks dad!,2.9
197,14/12/2024 05:28:37,922494,349321,175713,891.2,885.74,Pizza night,5.46
198,27/08/2025 07:30:28,294053,385205,713474,649.36,645.11,Cooking class,4.25
199,04/08/2025 02:00:44,274293,928533,529725,110.25,108.7,As promised!,1.55
200,17/08/2025 05:14:19,140738,216421,892058,225.71,223.58,Group dinner,2.13
201,04/09/2025 15:20:18,665445,418277,803650,490.73,487.28,Golf round,3.45
202,14/07/2025 18:48:41,762143,999885,529725,390.36,387.41,Farewell gift,2.95
203,10/11/2024 03:37:44,283675,521240,232079,33.12,31.95,Garden tools,1.17
204,03/09/2024 03:08:04,382753,760482,827955,138.75,137.06,Garden tools,1.69
205,26/01/2024 01:54:18,349321,382272,426032,381.06,378.15,Airport shuttle,2.91
206,08/04/2025 14:08:02,415172,922494,542061,994.91,988.94,Grocery share,5.97
207,10/06/2025 17:05:29,974668,643351,584090,160.07,158.27,Housewarming,1.8
208,22/04/2025 13:27:57,951587,922494,423390,980.31,974.41,Appreciate it!,5.9
209,09/03/2025 00:02:36,140738,707847,476826,835.31,830.13,Mini golf fun,5.18
210,13/02/2025 04:40:33,906388,521240,529725,185.4,183.47,Dance class,1.93
211,29/05/2025 14:28:01,234055,248056,389226,832.38,827.22,Book share,5.16
212,20/08/2025 17:07:18,681780,187388,943804,999.72,993.72,For today,6
213,24/07/2024 04:16:19,521240,562120,384186,737.23,732.54,Pizza night,4.69
214,01/09/2024 03:32:07,349321,173686,426032,49.06,47.81,Birthday party,1.25
215,21/04/2024 16:14:11,123752,840829,426032,141.05,139.34,Pet sitting,1.71
216,06/08/2025 11:09:57,274293,807220,529725,538.05,534.36,For today,3.69
217,16/05/2025 17:48:06,626486,137641,426032,283.01,280.59,Baby shower gift,2.42
218,23/11/2024 21:49:57,767054,562120,713474,949.62,943.87,Water bill,5.75
219,20/10/2022 17:56:17,767054,782705,713474,381.58,378.67,Enjoy!,2.91
220,22/04/2024 15:43:35,306988,762143,943804,919.55,913.95,Road trip fund,5.6
221,02/04/2025 14:48:28,521240,643351,931291,766.88,762.05,Festival tickets,4.83
222,22/05/2024 18:40:13,125053,978806,895509,855.42,850.14,Vet bill,5.28
223,19/08/2025 01:23:36,978806,840829,584090,318.78,316.19,Swimming pool pass,2.59
224,07/09/2024 19:50:02,194270,643351,268383,630.33,626.18,Brunch share,4.15
225,16/08/2025 04:23:58,510543,962755,438076,695.61,691.13,Concert tickets,4.48
226,10/01/2025 20:18:16,137641,760482,776787,957.87,952.08,Pizza night,5.79
227,07/06/2025 11:29:11,173686,543676,425996,830.18,825.03,Sports equipment,5.15
228,02/11/2023 21:51:51,123752,808662,426032,636.58,632.4,Appreciate it!,4.18
229,21/05/2025 07:47:04,173686,626486,425996,823.71,818.59,Concert tickets,5.12
230,15/11/2024 16:03:23,771256,681780,353973,97.72,96.23,Chess club,1.49
231,20/07/2024 10:59:53,665445,760482,943804,34.25,33.08,League fees,1.17
232,22/11/2024 08:38:30,442703,502400,232079,810.15,805.1,Movie night!,5.05
233,18/04/2025 13:54:06,999885,910951,111745,109.93,108.38,Pet toys,1.55
234,24/02/2025 07:19:02,140738,793264,892058,483.48,480.06,Anniversary gift,3.42
235,09/04/2024 19:15:29,137641,771210,776787,240.06,237.86,As promised!,2.2
236,17/11/2023 09:33:52,782705,306988,232079,31.81,30.65,Museum tickets,1.16
237,31/03/2025 08:16:16,659655,562120,535423,644.07,639.85,Lunch payment,4.22
238,18/10/2023 17:22:23,840829,707847,620551,421.96,418.85,Group dinner,3.11
239,13/07/2023 01:12:49,782705,575781,232079,868.26,862.92,Family vacation fund,5.34
240,03/09/2025 14:01:09,978806,807220,584090,81.06,79.65,Christmas present,1.41
241,06/06/2025 04:32:31,418277,784106,700530,242.31,240.1,Cleaning supplies,2.21
242,08/06/2024 09:49:04,173686,446699,332732,501.73,498.22,Road trip fund,3.51
243,26/12/2023 11:26:50,762143,928533,529725,324.41,321.79,Workshop fee,2.62
244,06/08/2025 08:11:16,543676,756639,261779,283000.41,282997.99,Airport shuttle,2.42
245,20/05/2025 23:01:35,418277,173686,700530,13.78,12.71,Art supplies,1.07
246,07/07/2025 06:51:48,283675,294053,232079,931.58,925.92,Sports equipment,5.66
247,09/06/2023 08:55:16,840829,728880,620551,844.28,839.06,Party supplies,5.22
248,23/02/2024 10:17:24,382753,521240,827955,439.48,436.28,Pet food share,3.2
249,21/01/2024 05:43:50,137641,521240,713474,98.4,96.91,Home repairs,1.49
250,14/02/2023 09:21:29,782705,962129,232079,147.72,145.98,Anniversary gift,1.74
251,03/09/2025 13:09:50,625134,187388,620551,763.43,758.61,Ice cream run,4.82
252,28/08/2025 09:55:37,125053,234055,895509,480.65,477.25,Game night snacks,3.4
253,26/11/2024 12:45:04,382272,562120,892058,366.45,363.62,Bowling night,2.83
254,09/08/2025 13:46:54,643351,756639,584090,638.08,633.89,Camping supplies,4.19
255,15/03/2024 06:24:57,672212,194270,535423,422.34,419.23,Group dinner,3.11
256,22/04/2025 13:45:37,249849,793264,529725,377.45,374.56,Gas bill,2.89
257,30/11/2024 02:58:27,137641,999885,776787,45.58,44.35,Split bill,1.23
258,18/05/2025 03:10:22,442703,784106,232079,974.85,968.98,Food delivery,5.87
259,25/08/2025 18:15:51,807220,659655,529660,891.31,885.85,Anniversary gift,5.46
260,08/03/2025 11:25:20,779290,928533,129257,120.4,118.8,Electric bill,1.6
261,17/05/2025 11:45:10,248056,643351,384186,837.13,831.94,Group gift,5.19
262,29/08/2025 14:19:26,187388,249849,713474,29.13,27.98,Workshop materials,1.15
263,16/08/2025 08:59:10,562120,446699,147837,599.18,595.18,Craft materials,4
264,19/05/2025 16:19:13,193501,659655,531374,318.75,316.16,Beach day,2.59
265,16/08/2025 10:24:46,660696,306988,544191,579.6,575.7,Thank you!,3.9
266,20/05/2024 09:03:27,357218,808662,341531,775.41,770.53,Insurance split,4.88
267,13/06/2025 06:43:12,446699,793264,228232,572.41,568.55,Here you go!,3.86
268,03/02/2024 20:22:00,521240,125053,238563,551.49,547.73,Gaming subscription,3.76
269,17/06/2025 20:31:04,974668,665445,584090,900.46,894.96,Printing costs,5.5
270,23/06/2025 17:39:33,784106,248056,544191,67.27,65.93,Pet toys,1.34
271,17/08/2025 22:08:50,626486,137641,426032,991.41,985.45,Bike repair,5.96
272,21/06/2025 16:33:26,382753,906388,827955,84.85,83.43,Thanks grandma!,1.42
273,22/08/2025 18:10:22,974668,672212,584090,149.39,147.64,Ice cream run,1.75
274,12/07/2025 20:19:25,962129,999885,817148,283.47,281.05,Beach day,2.42
275,30/03/2025 07:07:52,922494,784106,175713,646.39,642.16,Water bill,4.23
276,08/07/2025 17:47:15,807220,193501,529660,543.42,539.7,Takeout share,3.72
277,17/08/2025 18:03:43,626486,879554,426032,237.95,235.76,Holiday fund,2.19
278,19/09/2024 13:59:19,910951,234055,462130,962.69,956.88,Taxi share,5.81
279,05/07/2025 18:25:04,385205,689833,984315,438.49,435.3,Thanks mom!,3.19
280,07/05/2025 07:18:06,173686,248056,332732,898.7,893.21,Bike repair,5.49
281,24/08/2025 22:51:30,418277,274293,521818,397.94,394.95,Family reunion,2.99
282,14/01/2025 05:57:23,922494,216421,175713,412.61,409.55,Gas money,3.06
283,20/08/2025 06:05:10,274293,756639,529725,597.63,593.64,Thank you!,3.99
284,09/08/2025 09:19:14,665445,294053,803650,908.82,903.28,Farewell gift,5.54
285,13/08/2025 15:18:33,510543,771256,438076,967.38,961.54,Holiday party,5.84
286,18/01/2025 03:42:18,173686,659655,425996,463.65,460.33,Toll money,3.32
287,12/05/2025 03:51:59,248056,728880,238563,837.05,831.86,Beach day,5.19
288,11/09/2022 03:22:34,771256,782705,353973,731.57,726.91,Art supplies,4.66
289,25/09/2024 05:17:26,962755,194270,746701,10.44,9.39,Movie night!,1.05
290,27/08/2025 01:06:12,244990,906388,426032,517.59,514,Golf round,3.59
291,21/08/2025 03:48:49,364480,243026,529660,67.13,65.79,Course fees,1.34
292,17/08/2025 17:40:09,562120,756639,147837,992.52,986.56,School supplies,5.96
293,06/01/2025 03:07:55,922494,659655,438076,247.99,245.75,Housewarming,2.24
294,08/04/2024 02:22:11,364480,962129,954321,841.42,836.21,Thanks!,5.21
295,07/12/2024 08:09:50,659655,562120,746701,156.7,154.92,Yoga class,1.78
296,09/08/2025 10:54:27,795275,274293,954321,567.69,563.85,Gas money,3.84
297,16/07/2022 14:02:29,543676,840829,268383,152000.38,151998.62,Zoo visit,1.76
298,25/08/2025 04:33:13,626486,234055,426032,765.48,760.65,Toll money,4.83
299,08/09/2024 00:18:11,382753,173686,827955,194.27,192.3,Pet food share,1.97
300,30/05/2025 21:09:35,689833,784106,228232,639.68,635.48,Yoga class,4.2
301,09/05/2025 20:05:38,382753,349321,827955,465.4,462.07,Zoo visit,3.33
302,20/03/2024 23:25:21,681780,910951,943804,729.48,724.83,Love you!,4.65
303,12/11/2024 23:36:28,962755,140738,313030,877.12,871.73,Grooming cost,5.39
304,20/05/2025 01:22:40,575781,795275,620551,397.91,394.92,Furniture share,2.99
305,18/05/2025 09:38:54,194071,779290,389226,594.53,590.56,Insurance split,3.97
306,22/06/2025 22:15:25,962129,594592,817148,233.86,231.69,Miss you!,2.17
307,02/12/2024 17:42:04,521240,643351,384186,199.21,197.21,Appreciate it!,2
308,08/06/2025 01:48:40,660696,418277,353973,897.08,891.59,Pet food share,5.49
309,15/02/2024 23:51:59,306988,521240,803650,189.8,187.85,Comedy show,1.95
310,10/06/2025 11:31:08,729474,793264,129257,756.71,751.93,Gas bill,4.78
311,15/07/2025 04:52:28,234055,978806,512003,664.4,660.08,BBQ supplies,4.32
312,23/06/2025 03:42:46,974668,140738,584090,782.83,777.92,For today,4.91
313,14/07/2024 19:31:47,962129,562120,531374,605.54,601.51,Music lesson,4.03
314,20/02/2025 15:23:49,234055,659655,512003,711.4,706.84,Uber split,4.56
315,31/08/2025 14:41:51,771256,382753,353973,717.18,712.59,Craft materials,4.59
316,12/12/2023 00:23:54,729474,779290,129257,281.33,278.92,Personal trainer,2.41
317,31/07/2024 22:54:54,194270,767054,261779,342.25,339.54,Miss you!,2.71
318,11/05/2025 00:23:48,681780,928533,943804,729.79,725.14,Sports equipment,4.65
319,27/11/2024 09:44:02,962755,382753,746701,511.61,508.05,My portion,3.56
320,28/08/2025 15:17:55,510543,243026,438076,21.3,20.19,Christmas present,1.11
321,17/08/2025 19:40:23,140738,910951,892058,106.54,105.01,Car wash,1.53
322,21/11/2024 16:38:44,415172,928533,147837,545.33,541.6,Cafe money,3.73
323,30/12/2024 22:11:49,415172,194270,383707,961.9,956.09,Bus pass,5.81
324,03/09/2025 03:26:37,510543,385205,175713,810.7,805.65,Thanks for dinner!,5.05
325,23/11/2022 03:03:00,951587,779290,423390,798.71,793.72,Dog walker,4.99
326,07/09/2024 19:16:06,793264,521240,827955,22.04,20.93,Vet bill,1.11
327,02/02/2025 08:58:18,446699,707847,228232,313.71,311.14,Great time!,2.57
328,26/01/2025 06:36:35,562120,415172,542061,340.71,338.01,Taxi share,2.7
329,11/07/2025 15:56:09,795275,974668,984315,362.3,359.49,Pizza night,2.81
330,17/08/2024 15:43:32,795275,771256,529660,213.35,211.28,Breakfast club,2.07
331,08/03/2025 09:27:12,194270,807220,268383,736.15,731.47,Chess club,4.68
332,04/07/2025 10:03:49,807220,364480,984315,285.07,282.64,Camping supplies,2.43
333,03/12/2023 05:53:59,779290,173686,129257,76.83,75.45,Thanks grandma!,1.38
334,09/02/2025 22:04:12,771256,415172,544191,552.31,548.55,Road trip fund,3.76
335,21/07/2025 15:02:53,194071,928533,389226,353.06,350.29,Workshop materials,2.77
336,23/06/2025 03:47:55,962129,243026,531374,275.85,273.47,Brunch share,2.38
337,04/09/2025 02:35:42,543676,510543,268383,599.41,595.41,Coffee money,4
338,07/03/2025 02:47:26,194071,807220,512003,698.84,694.35,Group activity,4.49
339,16/05/2025 00:44:48,771256,760482,544191,645.22,640.99,Thank you!,4.23
340,29/05/2023 08:36:14,306988,962129,803650,456.18,452.9,Party supplies,3.28
341,25/05/2025 00:41:05,974668,249849,584090,867.43,862.09,Car wash,5.34
342,16/05/2023 10:25:35,543676,962129,268383,616.14,612.06,Festival tickets,4.08
343,13/08/2024 00:24:29,234055,951587,389226,628.95,624.81,Food delivery,4.14
344,13/01/2025 07:33:49,659655,999885,535423,587.1,583.16,Car wash,3.94
345,04/07/2023 16:00:22,244990,962129,426032,405.04,402.01,Book club dues,3.03
346,02/08/2025 19:58:45,906388,415172,529725,977.24,971.35,Sports gear,5.89
347,16/08/2025 22:10:01,306988,807220,803650,333.77,331.1,Car maintenance,2.67
348,22/07/2025 20:05:29,808662,784106,332732,862.71,857.4,Music lesson,5.31
349,02/07/2024 03:09:38,125053,306988,341531,18.96,17.87,Thanks grandma!,1.09
350,20/08/2025 22:41:12,510543,194071,438076,249.6,247.35,Museum tickets,2.25
351,25/05/2022 04:07:31,575781,879554,620551,23.61,22.49,Celebration fund,1.12
352,30/08/2025 02:59:20,795275,510543,529660,255.08,252.8,Furniture share,2.28
353,28/04/2025 01:29:40,660696,625134,544191,676.14,671.76,Road trip fund,4.38
354,30/05/2025 13:23:12,251878,840829,931291,498.57,495.08,Workshop materials,3.49
355,27/08/2025 19:50:03,385205,659655,529660,260.82,258.52,Personal trainer,2.3
356,21/03/2025 13:25:05,415172,729474,829678,276.16,273.78,Game night snacks,2.38
357,04/09/2025 04:50:54,728880,137641,521818,789.5,784.55,Maintenance fee,4.95
358,25/02/2025 09:00:01,193501,594592,531374,448.12,444.88,Game night snacks,3.24
359,25/07/2025 02:57:09,756639,681780,584090,299.46,296.96,Love you!,2.5
360,03/02/2025 23:54:17,357218,910951,341531,474.83,471.46,Book share,3.37
361,16/10/2021 03:00:44,782705,442703,232079,415.57,412.49,Art supplies,3.08
362,10/05/2025 02:12:02,244990,251878,426032,120.76,119.16,Thanks!,1.6
363,01/05/2024 15:26:09,385205,234055,529660,749.31,744.56,Comedy show,4.75
364,03/09/2025 17:40:24,243026,922494,529660,296.3,293.82,Dinner last night,2.48
365,10/06/2023 10:49:20,808662,234055,332732,745.11,740.38,Study materials,4.73
366,01/12/2023 18:25:08,808662,782705,425996,223.9,221.78,Theme park tickets,2.12
367,09/05/2025 18:02:03,928533,660696,776787,941.71,936,Garden supplies,5.71
368,19/12/2024 01:05:32,728880,415172,700530,557.84,554.05,Cat litter,3.79
369,03/09/2025 00:26:49,626486,382272,426032,885.53,880.1,Insurance split,5.43
370,13/07/2025 14:40:12,125053,294053,895509,464.6,461.28,Book club dues,3.32
371,20/10/2023 15:10:39,575781,999885,620551,173.63,171.76,Thank you!,1.87
372,01/08/2025 08:11:29,756639,951587,426032,545.96,542.23,Cooking class,3.73
373,02/04/2025 05:58:10,906388,382272,529725,882.85,877.44,My part,5.41
374,05/09/2025 10:20:17,123752,140738,426032,524.03,520.41,Wedding gift,3.62
375,03/04/2025 04:21:26,729474,643351,129257,397.12,394.13,Cat litter,2.99
376,02/04/2025 20:23:35,382753,784106,827955,576.19,572.31,Your share,3.88
377,15/03/2025 08:14:54,643351,625134,584090,434.65,431.48,Spconcealed shellrts gear,3.17
378,03/12/2023 04:47:38,594592,643351,426032,756.06,751.28,Printing costs,4.78
379,28/03/2025 23:50:48,194270,244990,261779,635.1,630.92,Festival tickets,4.18
380,05/01/2024 22:50:17,928533,283675,776787,933.8,928.13,Thanks grandma!,5.67
381,16/03/2024 22:45:46,672212,194270,535423,397.94,394.95,Thanks dad!,2.99
382,18/08/2025 10:04:47,660696,928533,353973,951.93,946.17,Furniture share,5.76
383,25/08/2025 00:36:49,562120,510543,147837,78.36,76.97,Grocery share,1.39
384,07/01/2025 11:47:14,906388,543676,529725,260.74,258.44,Gas bill,2.3
385,04/03/2025 21:52:22,784106,125053,353973,540.3,536.6,Bike share,3.7
386,15/05/2024 06:28:08,194071,521240,512003,292.65,290.19,Car wash,2.46
387,23/06/2024 20:03:22,840829,771256,620551,410.52,407.47,For today,3.05
388,12/04/2025 21:53:04,707847,689833,803650,393.95,390.98,Chess club,2.97
389,06/06/2022 08:36:20,216421,771256,341531,76.3,74.92,Beach day,1.38
390,24/12/2023 15:52:52,123752,779290,426032,981.89,975.98,Tennis court fee,5.91
391,30/03/2024 23:22:03,999885,364480,383707,997.21,991.22,Golf round,5.99
392,17/06/2025 15:53:09,442703,807220,232079,731.94,727.28,Furniture share,4.66
393,03/09/2025 17:51:51,665445,193501,803650,725.51,720.88,Study snacks,4.63
394,30/08/2023 08:55:07,760482,249849,943804,665.07,660.74,Tutorial payment,4.33
395,24/03/2025 02:49:27,771210,910951,620551,112.64,111.08,As promised!,1.56
396,06/06/2025 15:42:02,125053,660696,895509,784.14,779.22,Lab supplies,4.92
397,13/07/2025 11:40:21,283675,248056,232079,744.83,740.11,Brother's share,4.72
398,02/06/2025 18:00:35,415172,294053,383707,167.09,165.25,Gym membership,1.84
399,04/10/2024 08:24:09,123752,290279,426032,164.91,163.09,Anniversary gift,1.82
400,13/08/2025 05:41:04,274293,807220,529725,392.35,389.39,Insurance split,2.96
401,26/06/2025 00:34:59,594592,974668,426032,862.9,857.59,My part,5.31
402,26/08/2025 08:55:22,248056,274293,238563,196.04,194.06,Thanks for dinner!,1.98
403,28/05/2025 22:46:30,418277,446699,700530,449.42,446.17,Furniture share,3.25
404,18/08/2025 14:09:17,290279,251878,476826,537.92,534.23,Garden supplies,3.69
405,09/08/2023 13:40:13,244990,999885,426032,827.66,822.52,Craft materials,5.14
406,28/07/2025 07:07:24,194270,306988,261779,599.35,595.35,Club dues,4
407,26/07/2022 11:29:10,575781,767054,620551,788.84,783.9,Birthday party,4.94
408,16/07/2025 12:24:54,625134,784106,620551,225.06,222.93,Decoration fund,2.13
409,31/05/2023 19:46:21,951587,767054,462130,421.09,417.98,Train ticket,3.11
410,01/04/2025 19:39:30,626486,193501,426032,48.59,47.35,Thank you!,1.24
411,22/06/2025 00:42:08,137641,974668,776787,519.06,515.46,Beach day,3.6
412,07/07/2025 22:47:11,756639,249849,584090,750.52,745.77,Garden tools,4.75
413,06/05/2025 09:09:27,251878,216421,931291,828.39,823.25,Group dinner,5.14
414,07/07/2025 02:10:44,910951,385205,423390,15.66,14.58,Group project,1.08
415,01/07/2024 06:21:56,382753,793264,827955,417.08,413.99,Concert tickets,3.09
416,03/08/2025 02:21:22,762143,974668,529725,850.69,845.44,Festival tickets,5.25
417,21/07/2025 09:29:14,243026,251878,984315,26.98,25.85,Party supplies,1.13
418,27/03/2025 20:02:50,906388,782705,529725,838.75,833.56,Lab supplies,5.19
419,20/12/2021 11:16:23,442703,795275,232079,865.79,860.46,Car wash,5.33
420,24/11/2024 20:27:47,808662,922494,425996,990.77,984.82,Sports gear,5.95
421,21/08/2025 00:54:10,910951,510543,462130,583.05,579.13,Airport shuttle,3.92
422,14/08/2025 20:41:36,187388,274293,776787,929.85,924.2,Cleaning supplies,5.65
423,25/08/2025 17:49:23,626486,521240,426032,448.63,445.39,Club dues,3.24
424,02/08/2025 02:30:06,382272,251878,476826,597.23,593.24,My portion,3.99
425,03/09/2024 14:51:52,306988,782705,803650,865.01,859.68,Lunch payment,5.33
426,30/08/2025 09:23:00,248056,626486,931291,63.85,62.53,Car wash,1.32
427,03/11/2024 22:22:02,659655,283675,535423,812.16,807.1,Workshop fee,5.06
428,05/04/2025 21:58:29,689833,502400,228232,70,68.65,Pet food share,1.35
429,12/06/2025 13:40:27,625134,974668,620551,702.64,698.13,Zoo visit,4.51
430,23/08/2025 12:31:24,364480,251878,984315,540.58,536.88,Tennis court fee,3.7
431,15/04/2024 20:33:55,349321,928533,426032,284.24,281.82,Takeout share,2.42
432,17/09/2023 15:06:53,762143,978806,529725,103.96,102.44,Sister's gift,1.52
433,25/07/2025 16:08:07,294053,594592,776787,238.49,236.3,Grooming cost,2.19
434,22/11/2021 14:28:58,782705,793264,232079,693.77,689.3,Thanks dad!,4.47
435,25/08/2025 01:34:18,999885,974668,383707,887.23,881.79,Study materials,5.44
436,10/08/2025 13:59:56,125053,243026,895509,208.55,206.51,Pet toys,2.04
437,20/09/2023 02:08:40,779290,173686,129257,941.37,935.66,Celebration fund,5.71
438,30/04/2024 13:23:20,364480,707847,954321,975.59,969.71,Gym membership,5.88
439,16/05/2025 23:43:15,382272,294053,476826,94.25,92.78,Team uniforms,1.47
440,12/08/2025 22:55:08,660696,140738,544191,480.2,476.8,Water bill,3.4
441,11/08/2024 21:49:10,382753,442703,827955,985.45,979.52,Zoo visit,5.93
442,27/02/2024 07:11:54,978806,594592,584090,18.62,17.53,Celebration fund,1.09
443,28/05/2024 07:51:07,283675,173686,232079,227.51,225.37,My part,2.14
444,08/02/2025 07:46:49,729474,784106,129257,361.77,358.96,Anniversary gift,2.81
445,12/04/2024 19:55:35,123752,543676,426032,810.93,805.88,Dance class,5.05
446,27/12/2022 13:44:49,951587,249849,423390,831.02,825.86,Book club dues,5.16
447,15/03/2024 18:59:32,290279,795275,892058,483.71,480.29,Pet food share,3.42
448,05/03/2025 01:55:38,193501,290279,595518,876.65,871.27,Insurance split,5.38
449,10/11/2023 00:17:03,782705,707847,232079,424.42,421.3,Brunch share,3.12
450,12/12/2024 17:44:34,194270,216421,261779,551.77,548.01,Enjoy!,3.76
451,31/01/2025 01:11:45,382753,681780,827955,135.09,133.41,Uber split,1.68
452,25/06/2025 17:18:46,906388,728880,529725,941.02,935.31,Road trip fund,5.71
453,13/05/2024 22:22:50,125053,681780,341531,563.98,560.16,Team uniforms,3.82
454,27/07/2025 05:42:50,216421,756639,895509,132,130.34,Textbook share,1.66
455,06/12/2024 02:01:02,290279,194270,476826,890.98,885.53,Thank you!,5.45
456,17/02/2025 07:55:17,193501,502400,531374,648.3,644.06,Museum tickets,4.24
457,07/06/2023 21:08:42,978806,808662,584090,744.19,739.47,Fish tank supplies,4.72
458,08/06/2023 06:25:07,707847,962755,943804,226.52,224.39,Study snacks,2.13
459,05/07/2025 23:29:08,251878,978806,384186,563.18,559.36,Thanks mom!,3.82
460,23/08/2025 09:54:14,906388,962129,529725,373.72,370.85,Gas money,2.87
461,25/05/2025 18:12:49,928533,974668,776787,846.67,841.44,Water bill,5.23
462,26/11/2023 04:46:39,194071,771210,389226,226.03,223.9,Dance class,2.13
463,24/12/2023 22:43:53,951587,665445,423390,10.65,9.6,Dog walker,1.05
464,20/07/2024 06:56:25,928533,364480,776787,382.76,379.85,Book share,2.91
465,08/05/2025 07:12:53,382753,562120,827955,301.01,298.5,Housewarming,2.51
466,31/05/2025 19:07:39,575781,689833,620551,613.84,609.77,Group activity,4.07
467,14/06/2025 06:25:18,974668,194270,584090,473.39,470.02,Family reunion,3.37
468,16/08/2025 13:47:02,249849,562120,529725,707.04,702.5,Study snacks,4.54
469,13/08/2025 02:04:06,194270,510543,268383,40.16,38.96,Grooming cost,1.2
470,01/06/2025 13:08:54,382753,125053,827955,473.65,470.28,Electric bill,3.37
471,23/08/2022 21:15:59,879554,760482,544191,555.65,551.87,Group activity,3.78
472,05/09/2025 04:56:35,244990,248056,426032,34.72,33.55,Brother's share,1.17
473,14/05/2025 19:07:30,906388,382753,529725,471.03,467.67,As promised!,3.36
474,09/03/2025 15:19:35,978806,306988,584090,181.76,179.85,Farewell gift,1.91
475,07/06/2025 02:26:44,382272,290279,476826,64.97,63.65,Group project,1.32
476,30/04/2025 13:11:57,562120,906388,147837,560.89,557.09,Phone bill,3.8
477,16/07/2025 22:03:54,415172,418277,147837,324.87,322.25,Gas bill,2.62
478,28/03/2024 16:08:57,978806,928533,584090,242.08,239.87,Study materials,2.21
479,25/10/2024 02:25:46,928533,234055,776787,961.88,956.07,Picnic share,5.81
480,23/03/2025 04:18:50,784106,562120,544191,656.85,652.57,Theater tickets,4.28
481,17/06/2025 00:41:40,349321,922494,426032,356.91,354.13,Netflix share,2.78
482,08/04/2025 05:20:07,123752,660696,426032,461.06,457.75,BBQ supplies,3.31
483,30/04/2025 20:10:30,193501,660696,444855,285.35,282.92,Book share,2.43
484,24/09/2022 23:09:07,382272,216421,476826,836.23,831.05,Dog walker,5.18
485,22/05/2025 04:12:03,665445,251878,943804,71.19,69.83,Group dinner,1.36
486,06/08/2025 04:50:55,502400,808662,232079,914.1,908.53,Cat litter,5.57
487,08/09/2024 08:19:18,125053,543676,341531,651.04,646.78,Golf round,4.26
488,01/09/2025 00:59:28,187388,626486,776787,123.65,122.03,Holiday fund,1.62
489,06/08/2025 20:07:33,243026,707847,529660,256.96,254.68,Group project,2.28
490,25/08/2025 08:21:15,418277,446699,700530,910.08,904.53,Textbook share,5.55
491,27/02/2022 22:54:32,771256,760482,353973,940.82,935.12,Toll money,5.7
492,06/09/2024 16:25:05,928533,290279,713474,490.96,487.51,Enjoy!,3.45
493,26/02/2025 22:28:13,879554,689833,544191,635.92,631.74,Craft materials,4.18
494,02/06/2025 14:46:40,626486,767054,426032,903.39,897.87,Comedy show,5.52
495,12/07/2025 23:19:42,922494,756639,175713,114.79,113.22,Zoo visit,1.57
496,13/02/2023 02:09:17,962129,879554,444855,20.7,19.6,Family dinner,1.1
497,19/07/2022 07:49:10,707847,782705,943804,367.93,365.09,Group gift,2.84
498,16/11/2023 13:12:58,795275,125053,984315,896.74,891.26,Beach day,5.48
499,12/04/2025 01:43:44,193501,521240,531374,662.13,657.82,Gas money,4.31
500,04/03/2024 12:15:00,729474,978806,129257,303.39,300.87,Garden tools,2.52
501,05/04/2025 11:49:13,807220,125053,984315,41.46,40.25,Group dinner,1.21
502,23/10/2021 16:26:00,879554,244990,544191,463.35,460.03,Group activity,3.32
503,13/02/2025 17:23:32,244990,659655,426032,146.51,144.78,Train ticket,1.73
504,06/06/2025 10:21:53,951587,251878,462130,896.93,891.45,Thanks grandma!,5.48
505,23/04/2025 04:57:56,194270,562120,261779,836.25,831.07,Thanks mom!,5.18
506,18/06/2025 17:09:58,243026,502400,954321,387.18,384.24,Cafe money,2.94
507,10/07/2024 08:07:02,194270,771210,268383,310.25,307.7,Thanks mom!,2.55
508,26/04/2025 02:40:59,795275,660696,954321,687.03,682.59,Takeout share,4.44
509,02/04/2025 02:06:20,643351,626486,584090,318.68,316.09,My portion,2.59
510,10/10/2024 14:19:36,665445,562120,803650,928.82,923.18,Here you go!,5.64
511,01/08/2025 12:04:03,248056,382753,931291,616.67,612.59,Uber split,4.08
512,14/06/2025 19:54:32,243026,840829,529660,239.17,236.97,Spotify family,2.2
513,30/08/2025 23:05:39,187388,910951,776787,443.79,440.57,Utilities share,3.22
514,10/03/2025 16:22:22,659655,906388,632101,752.53,747.77,Chess club,4.76
515,21/01/2025 11:32:52,502400,349321,232079,79.41,78.01,Zoo visit,1.4
516,16/07/2025 17:03:05,974668,793264,584090,51.5,50.24,Course fees,1.26
517,24/04/2025 08:21:36,784106,771256,544191,561.47,557.66,Gaming subscription,3.81
518,01/06/2025 06:11:52,771256,173686,544191,59.71,58.41,Picnic share,1.3
519,04/07/2024 16:55:52,779290,760482,129257,754.87,750.1,Dog walker,4.77
520,25/01/2024 08:19:54,795275,729474,529660,734.18,729.51,Online course,4.67
521,23/03/2025 00:21:55,415172,137641,829678,846.22,840.99,Workshop fee,5.23
522,12/09/2024 12:04:53,575781,415172,620551,258.66,256.37,Holiday fund,2.29
523,01/08/2024 03:08:56,594592,125053,426032,315.38,312.8,Thanks mom!,2.58
524,28/12/2024 11:49:23,681780,962755,943804,830.2,825.05,Study snacks,5.15
525,19/07/2021 14:44:53,665445,681780,943804,401.2,398.19,Thanks!,3.01
526,23/06/2025 07:09:02,906388,767054,529725,446.17,442.94,Pet food share,3.23
527,12/08/2025 06:32:34,274293,442703,529725,997.65,991.66,Airport shuttle,5.99
528,30/08/2025 05:29:18,502400,756639,232079,129.18,127.53,Personal trainer,1.65
529,17/12/2024 19:06:26,575781,385205,620551,626.53,622.4,Comedy show,4.13
530,19/05/2024 09:16:30,760482,808662,943804,168.62,166.78,Sports gear,1.84
531,06/08/2025 04:06:05,660696,194071,353973,61.87,60.56,Festival tickets,1.31
532,17/05/2023 02:09:52,962129,762143,817148,33.47,32.3,Here you go!,1.17
533,18/05/2024 09:54:09,283675,249849,232079,927.2,921.56,Gas bill,5.64
534,14/03/2023 21:40:11,762143,793264,529725,578.21,574.32,Course fees,3.89
535,17/08/2025 21:56:52,793264,415172,827955,783.8,778.88,Festival tickets,4.92
536,23/04/2025 12:05:13,382272,193501,476826,403.71,400.69,Cleaning supplies,3.02
537,31/05/2023 22:21:53,306988,978806,943804,905.2,899.67,Baby shower gift,5.53
538,25/08/2025 14:53:37,194270,510543,268383,807.59,802.55,Fish tank supplies,5.04
539,01/03/2025 16:07:01,123752,173686,426032,931.09,925.43,Food delivery,5.66
540,04/06/2023 05:32:58,643351,760482,584090,286.95,284.52,Team uniforms,2.43
541,26/01/2023 10:20:02,879554,349321,353973,730.25,725.6,Pizza night,4.65
542,22/08/2025 15:31:09,234055,283675,512003,303.43,300.91,Grocery share,2.52
543,06/06/2025 22:20:47,364480,808662,984315,275.49,273.11,Party supplies,2.38
544,09/10/2024 11:09:03,760482,999885,803650,344.16,341.44,Furniture share,2.72
545,17/08/2024 00:40:27,951587,879554,462130,896.73,891.25,As discussed,5.48
546,27/06/2025 04:29:47,251878,767054,931291,876.37,870.99,Brother's share,5.38
547,17/08/2025 02:06:56,906388,665445,529725,114.54,112.97,Airport shuttle,1.57
548,30/07/2023 23:53:11,762143,349321,529725,91.2,89.74,Spotify family,1.46
549,10/06/2025 02:40:57,140738,382272,476826,450.08,446.83,As discussed,3.25
550,26/06/2025 04:01:35,771210,243026,620551,582.03,578.12,Car wash,3.91
551,16/04/2025 02:04:39,707847,906388,803650,623.2,619.08,Hobby supplies,4.12
552,06/06/2025 17:15:27,771256,193501,544191,668.71,664.37,Farewell gift,4.34
553,30/08/2025 22:28:17,244990,274293,426032,560.63,556.83,Team uniforms,3.8
554,23/07/2025 18:22:13,543676,418277,268383,261.05,258.74,Tutorial payment,2.31
555,22/08/2025 21:53:38,659655,643351,632101,218.22,216.13,Holiday party,2.09
556,05/09/2025 21:58:56,187388,665445,713474,111.81,110.25,Zoo visit,1.56
557,25/08/2025 13:30:48,418277,510543,700530,964.18,958.36,Cafe money,5.82
558,15/08/2025 18:56:18,807220,771256,984315,768.17,763.33,Snacks for movie,4.84
559,29/05/2025 12:49:40,251878,784106,238563,770.9,766.05,Mini golf fun,4.85
560,08/09/2024 17:52:09,594592,382272,426032,258.57,256.28,Brunch share,2.29
561,08/10/2022 18:47:33,779290,306988,129257,736.81,732.13,Textbook share,4.68
562,26/06/2024 18:16:54,771256,446699,544191,338.65,335.96,Family vacation fund,2.69
563,18/04/2024 19:20:41,216421,364480,341531,487.89,484.45,Photography gear,3.44
564,23/08/2025 23:28:54,123752,187388,426032,497.67,494.18,Insurance split,3.49
565,05/05/2025 14:00:35,771256,294053,353973,807.92,802.88,Toll money,5.04
566,27/08/2025 15:57:15,187388,234055,713474,78.7,77.31,My portion,1.39
567,01/02/2025 18:52:44,502400,140738,232079,918.1,912.51,Theme park tickets,5.59
568,17/08/2023 22:05:42,999885,123752,147837,729.57,724.92,Study snacks,4.65
569,18/12/2024 09:21:12,625134,999885,620551,682.84,678.43,Theater tickets,4.41
570,24/11/2021 04:08:09,962755,575781,313030,11.1,10.04,Beach day,1.06
571,11/08/2025 03:36:29,767054,446699,776787,330.3,327.65,Book club dues,2.65
572,29/01/2025 09:35:14,906388,382753,529725,103.47,101.95,Gas bill,1.52
573,06/05/2025 17:34:12,248056,626486,931291,112.4,110.84,Train ticket,1.56
574,22/08/2025 21:48:11,510543,771210,438076,329.5,326.85,Celebration fund,2.65
575,10/03/2025 22:16:13,807220,290279,954321,544.9,541.18,Concert tickets,3.72
576,09/07/2025 11:21:58,626486,125053,426032,557.58,553.79,Group project,3.79
577,30/08/2022 16:38:57,951587,771256,462130,611.06,607,Textbook share,4.06
578,02/01/2025 02:00:59,978806,244990,584090,321.77,319.16,Gas bill,2.61
579,04/07/2025 14:06:01,762143,294053,529725,96.77,95.29,Coffee money,1.48
580,26/05/2025 15:11:05,689833,962755,228232,814.35,809.28,Group activity,5.07
581,25/04/2022 13:54:50,244990,771256,426032,675.78,671.4,Pet food share,4.38
582,04/02/2025 08:52:33,521240,625134,931291,636.07,631.89,Welcome party,4.18
583,21/07/2025 13:12:44,364480,125053,529660,806.05,801.02,Group gift,5.03
584,02/09/2025 15:25:12,999885,510543,829678,194.77,192.8,Bike share,1.97
585,30/03/2023 15:36:37,879554,707847,353973,798.54,793.55,Mini golf fun,4.99
586,25/07/2023 05:54:16,543676,575781,261779,589.71,585.76,Coffee money,3.95
587,18/07/2025 12:30:17,137641,729474,776787,975.72,969.84,Mini golf fun,5.88
588,18/08/2025 19:46:03,306988,274293,943804,51.16,49.9,Thank you!,1.26
589,05/07/2025 13:50:44,689833,382272,228232,162.38,160.57,League fees,1.81
590,31/08/2025 23:59:20,974668,879554,584090,732.92,728.26,Picnic share,4.66
591,20/05/2025 19:46:18,910951,922494,462130,198.04,196.05,Internet bill,1.99
592,21/03/2025 20:08:48,349321,689833,426032,735.06,730.38,Anniversary gift,4.68
593,07/06/2025 03:22:16,807220,779290,529660,966.88,961.05,Thanks dad!,5.83
594,28/08/2025 22:10:57,274293,807220,529725,554.97,551.2,Dinner last night,3.77
595,14/04/2025 16:57:34,784106,779290,544191,384.06,381.14,Library fees,2.92
596,26/12/2024 13:40:56,123752,502400,426032,170.3,168.45,Thanks grandma!,1.85
597,26/02/2025 14:15:28,962755,760482,535423,941.64,935.93,Group gift,5.71
598,28/04/2024 07:00:49,643351,707847,584090,447.61,444.37,Gym membership,3.24
599,10/07/2023 05:17:59,357218,951587,895509,144,142.28,Sports gear,1.72
600,08/11/2022 06:11:25,962129,779290,817148,605.79,601.76,Water bill,4.03
601,05/07/2025 04:05:02,625134,244990,620551,170.91,169.06,Love you!,1.85
602,31/08/2025 04:11:03,562120,665445,111745,216.74,214.66,Happy Birthday!,2.08
603,12/06/2025 19:17:20,672212,418277,313030,873.19,867.82,Theme park tickets,5.37
604,21/08/2025 00:22:34,418277,510543,521818,570.19,566.34,My portion,3.85
605,14/05/2025 18:13:15,784106,294053,353973,152.03,150.27,Group dinner,1.76
606,23/10/2023 06:44:44,665445,349321,803650,89.81,88.36,Museum tickets,1.45
607,26/10/2023 04:54:18,665445,760482,943804,89.38,87.93,Welcome party,1.45
608,14/01/2025 23:22:52,446699,123752,228232,785.63,780.7,Happy Birthday!,4.93
609,31/07/2025 02:47:41,660696,415172,544191,724.85,720.23,Birthday party,4.62
610,02/08/2025 09:01:27,756639,760482,584090,675.53,671.15,Baby shower gift,4.38
611,17/06/2025 18:28:56,306988,729474,943804,982.7,976.79,Grocery share,5.91
612,18/02/2025 09:42:39,625134,290279,620551,358.03,355.24,Pet sitting,2.79
613,04/06/2025 09:35:11,248056,807220,931291,135.83,134.15,Welcome party,1.68
614,12/08/2025 15:07:14,974668,274293,584090,828.08,822.94,Vet bill,5.14
615,05/10/2024 16:53:23,951587,771256,462130,827.67,822.53,Ice cream run,5.14
616,24/01/2022 20:10:49,779290,782705,129257,254.93,252.66,Pet toys,2.27
617,16/08/2025 22:15:54,928533,728880,713474,30.81,29.66,Mini golf fun,1.15
618,17/07/2025 05:26:58,707847,974668,943804,234.5,232.33,Holiday fund,2.17
619,20/07/2025 21:07:37,672212,294053,313030,22.22,21.11,Family vacation fund,1.11
620,18/06/2025 03:38:11,294053,243026,776787,60.64,59.34,Workshop fee,1.3
621,14/10/2023 18:15:04,840829,962755,620551,388.96,386.02,Toll money,2.94
622,26/03/2025 19:55:03,643351,665445,584090,17.26,16.17,Gaming subscription,1.09
623,21/06/2024 13:17:06,173686,793264,332732,570.36,566.51,Home repairs,3.85
624,05/02/2024 14:46:47,672212,382753,632101,780.03,775.13,Brunch share,4.9
625,18/08/2025 07:25:02,187388,248056,776787,55.13,53.85,Utilities share,1.28
626,09/08/2025 16:10:36,446699,193501,228232,132.05,130.39,Art supplies,1.66
627,01/09/2025 09:37:07,575781,510543,620551,693.82,689.35,Ice cream run,4.47
628,06/07/2025 08:06:42,756639,290279,584090,388.32,385.38,My portion,2.94
629,15/08/2025 12:15:06,974668,193501,584090,178.17,176.28,Phone bill,1.89
630,21/07/2025 21:31:22,306988,906388,803650,494.75,491.28,Yoga class,3.47
631,20/04/2025 10:34:19,689833,962755,228232,968.12,962.28,Anniversary gift,5.84
632,25/01/2025 11:44:05,795275,808662,984315,60.47,59.17,Tennis court fee,1.3
633,30/03/2025 08:55:46,385205,999885,529660,480.34,476.94,Dog walker,3.4
634,18/02/2025 15:14:13,782705,762143,232079,845.32,840.09,Takeout share,5.23
635,24/09/2024 18:42:41,502400,999885,232079,232.41,230.25,Internet bill,2.16
636,29/08/2025 21:59:48,510543,575781,175713,26.51,25.38,Gas money,1.13
637,14/07/2025 16:42:37,782705,193501,232079,582.58,578.67,Food delivery,3.91
638,11/04/2024 13:59:31,879554,928533,353973,957.62,951.83,Dance class,5.79
639,23/06/2025 14:52:40,594592,251878,426032,408.71,405.67,Gas bill,3.04
640,14/08/2023 07:26:15,951587,793264,423390,636.47,632.29,Book club dues,4.18
641,07/08/2023 23:17:22,978806,782705,584090,949.78,944.03,Takeout share,5.75
642,16/02/2025 16:50:50,808662,659655,425996,360.83,358.03,Farewell gift,2.8
643,06/09/2022 23:38:39,575781,760482,620551,939.28,933.58,Airport shuttle,5.7
644,13/04/2023 08:08:08,234055,779290,512003,206.83,204.8,Study materials,2.03
645,16/08/2025 08:19:33,643351,594592,584090,262,259.69,Toll money,2.31
646,02/03/2025 23:39:00,415172,728880,542061,747.29,742.55,Course fees,4.74
647,22/08/2024 18:32:44,594592,999885,426032,493.3,489.83,Birthday party,3.47
648,06/05/2025 02:16:37,562120,784106,542061,518.57,514.98,Bowling night,3.59
649,21/07/2025 22:57:28,415172,762143,147837,292.77,290.31,Have fun!,2.46
650,12/01/2025 20:14:03,771256,594592,353973,137.31,135.62,Pizza night,1.69
651,17/08/2025 22:58:35,756639,283675,584090,555.03,551.25,Study materials,3.78
652,28/08/2025 03:51:22,243026,290279,954321,645.67,641.44,Cooking class,4.23
653,29/07/2025 08:39:38,793264,840829,827955,810.31,805.26,Family reunion,5.05
654,09/04/2025 02:07:16,807220,125053,529660,576.4,572.52,Bus pass,3.88
655,17/07/2025 05:33:14,782705,756639,232079,313.35,310.78,Gaming subscription,2.57
656,03/08/2025 17:28:38,415172,234055,542061,432.23,429.07,Museum tickets,3.16
657,07/04/2025 14:41:12,771210,962129,620551,522.9,519.29,Split bill,3.61
658,16/05/2025 15:58:38,193501,125053,531374,608.79,604.75,Housewarming,4.04
659,07/05/2024 05:38:07,728880,543676,521818,933.43,927.76,Art supplies,5.67
660,28/06/2022 20:05:12,879554,795275,544191,463.93,460.61,Group activity,3.32
661,11/03/2024 23:29:19,249849,194270,529725,28.76,27.62,Sports gear,1.14
662,08/10/2024 22:43:55,910951,173686,423390,642.1,637.89,Pet sitting,4.21
663,05/09/2025 01:51:49,274293,382272,529725,860.52,855.22,Baby shower gift,5.3
664,30/11/2024 19:10:07,349321,385205,426032,912.61,907.05,Water bill,5.56
665,11/01/2025 13:21:11,672212,249849,746701,683.67,679.25,Textbook share,4.42
666,12/07/2025 03:12:54,771210,418277,620551,335.27,332.59,Hobby supplies,2.68
667,26/02/2024 06:43:01,808662,194270,332732,433.9,430.73,Pet toys,3.17
668,12/08/2022 04:18:19,767054,962755,713474,319.07,316.47,Cat litter,2.6
669,28/03/2024 01:09:38,283675,795275,232079,239.9,237.7,Cooking class,2.2
670,29/03/2024 04:41:58,290279,793264,476826,813.96,808.89,Holiday fund,5.07
671,22/08/2025 12:42:54,782705,243026,232079,847.66,842.42,Group gift,5.24
672,24/01/2025 01:41:28,357218,760482,895509,345.85,343.12,League fees,2.73
673,16/08/2024 01:24:07,382272,562120,476826,309.44,306.89,Family vacation fund,2.55
674,03/05/2025 06:03:54,140738,123752,892058,155.23,153.45,Thank you!,1.78
675,06/07/2025 08:46:30,294053,808662,713474,63.23,61.91,Takeout share,1.32
676,27/08/2025 14:40:33,784106,442703,353973,185.36,183.43,Course fees,1.93
677,13/09/2024 16:28:53,216421,234055,895509,685.83,681.4,League fees,4.43
678,20/09/2024 13:11:45,521240,364480,384186,296.55,294.07,Team uniforms,2.48
679,04/01/2025 14:13:02,728880,244990,521818,601.86,597.85,Concert tickets,4.01
680,09/07/2025 20:45:30,442703,357218,232079,720.29,715.69,Airport shuttle,4.6
681,22/04/2025 04:27:14,194071,762143,512003,679.88,675.48,Decoration fund,4.4
682,08/07/2025 15:17:40,349321,974668,426032,608.27,604.23,Thanks!,4.04
683,26/04/2021 16:50:18,216421,442703,341531,712.29,707.73,Grooming cost,4.56
684,23/03/2025 21:46:22,502400,681780,232079,708.58,704.04,Group project,4.54
685,26/08/2025 19:03:26,562120,187388,111745,147.85,146.11,Train ticket,1.74
686,04/01/2025 02:24:07,767054,306988,713474,682.37,677.96,Comedy show,4.41
687,31/05/2025 20:44:37,910951,906388,462130,995.52,989.54,Anniversary gift,5.98
688,17/03/2025 08:07:04,244990,140738,426032,375.44,372.56,Taxi share,2.88
689,20/09/2024 21:48:46,672212,771210,535423,130.67,129.02,Gas bill,1.65
690,14/01/2024 06:51:55,249849,137641,529725,534.76,531.09,Car maintenance,3.67
691,16/06/2025 21:35:09,910951,951587,462130,203.76,201.74,Craft materials,2.02
692,22/08/2025 19:17:34,510543,562120,175713,284.1,281.68,Club dues,2.42
693,03/09/2025 08:53:09,729474,415172,129257,318.46,315.87,Swimming pool pass,2.59
694,28/08/2024 00:45:51,795275,364480,529660,11.63,10.57,Tennis court fee,1.06
695,02/03/2025 10:49:50,728880,283675,521818,288.58,286.14,Celebration fund,2.44
696,12/07/2025 22:31:47,756639,672212,584090,929.52,923.87,Happy Birthday!,5.65
697,02/05/2023 20:20:38,665445,306988,803650,381.08,378.17,Food delivery,2.91
698,25/02/2025 04:08:27,782705,193501,232079,994.39,988.42,Airport shuttle,5.97
699,21/07/2024 09:31:07,137641,194270,713474,90.35,88.9,Vet bill,1.45
700,18/08/2025 00:04:25,510543,729474,175713,816.92,811.84,Snacks for movie,5.08
701,24/06/2025 16:36:43,660696,922494,544191,988.95,983.01,Holiday party,5.94
702,15/08/2024 09:08:21,357218,594592,341531,286.65,284.22,Yoga class,2.43
703,28/08/2024 17:16:04,928533,879554,776787,864.29,858.97,Taxi share,5.32
704,03/02/2024 22:29:54,728880,643351,700530,409.45,406.4,Chess club,3.05
705,20/02/2025 21:51:08,364480,306988,954321,10.59,9.54,Vet bill,1.05
706,19/08/2025 19:44:50,187388,643351,713474,193.07,191.1,Home repairs,1.97
707,14/01/2025 08:21:41,290279,760482,476826,444.26,441.04,Cooking class,3.22
708,20/07/2025 08:53:20,294053,194071,776787,541.67,537.96,Craft materials,3.71
709,04/08/2025 02:41:19,562120,251878,542061,327.2,324.56,Phone bill,2.64
710,06/05/2025 23:21:56,840829,779290,620551,79.83,78.43,Dog walker,1.4
711,28/03/2025 09:45:28,244990,879554,426032,866.01,860.68,Sports equipment,5.33
712,17/12/2023 08:56:45,521240,244990,238563,254.49,252.22,Music lesson,2.27
713,23/08/2025 04:20:36,910951,807220,462130,23.1,21.98,Sports equipment,1.12
714,16/10/2024 06:17:25,385205,283675,954321,910.11,904.56,Dinner last night,5.55
715,27/05/2025 16:14:41,357218,248056,341531,609.87,605.82,Book club dues,4.05
716,15/07/2025 11:41:19,922494,793264,175713,168.28,166.44,Family vacation fund,1.84
717,28/05/2025 06:53:06,418277,446699,521818,798.48,793.49,Toll money,4.99
718,26/04/2025 17:49:19,244990,807220,426032,127.04,125.4,My portion,1.64
719,30/03/2025 15:23:31,415172,999885,111745,194.1,192.13,Here you go!,1.97
720,31/07/2025 12:03:54,248056,306988,931291,358.8,356.01,Housewarming,2.79
721,05/04/2024 02:37:10,782705,283675,232079,124.66,123.04,Garden supplies,1.62
722,23/08/2024 18:50:02,249849,782705,529725,830.86,825.71,Concert tickets,5.15
723,24/05/2025 18:50:51,962755,294053,535423,154.56,152.79,Team uniforms,1.77
724,04/07/2025 21:55:45,442703,660696,232079,629.18,625.03,Netflix share,4.15
725,05/10/2023 15:58:20,357218,244990,341531,566.25,562.42,Team uniforms,3.83
726,25/07/2022 01:43:14,760482,234055,943804,388.3,385.36,Sports gear,2.94
727,15/06/2024 22:05:44,681780,382272,803650,568.75,564.91,BBQ supplies,3.84
728,18/08/2025 23:42:20,382753,290279,827955,825.76,820.63,Gym membership,5.13
729,26/08/2025 00:09:34,974668,660696,584090,188.36,186.42,Dog walker,1.94
730,05/08/2024 10:16:43,672212,194270,313030,349.5,346.75,Brunch share,2.75
731,19/07/2024 02:43:25,681780,762143,943804,65.18,63.85,Pet sitting,1.33
732,21/06/2025 06:05:08,251878,194071,384186,89.78,88.33,Split share,1.45
733,24/01/2023 23:58:18,779290,249849,129257,403.3,400.28,Furniture share,3.02
734,30/07/2025 03:37:24,728880,922494,700530,926.8,921.17,Pet food share,5.63
735,03/08/2025 16:07:13,594592,660696,426032,744.15,739.43,My portion,4.72
736,29/04/2025 01:54:17,782705,294053,232079,558.45,554.66,Split share,3.79
737,26/07/2025 06:24:26,756639,382272,584090,174.57,172.7,Gaming subscription,1.87
738,22/01/2025 16:27:09,562120,125053,147837,891.33,885.87,Road trip fund,5.46
739,21/08/2025 04:40:28,364480,643351,954321,882.09,876.68,Train ticket,5.41
740,12/01/2025 15:46:39,306988,382753,943804,224.41,222.29,Course fees,2.12
741,10/07/2024 00:52:29,879554,543676,544191,429.53,426.38,Road trip fund,3.15
742,31/05/2022 18:22:23,707847,442703,803650,358.13,355.34,Thanks grandma!,2.79
743,03/07/2024 13:15:57,625134,928533,620551,319.07,316.47,Farewell gift,2.6
744,23/05/2025 03:53:43,928533,782705,713474,834.61,829.44,Party supplies,5.17
745,18/05/2025 22:04:49,357218,689833,341531,744.21,739.49,Gas bill,4.72
746,22/08/2025 15:34:42,290279,244990,892058,60.75,59.45,Tutorial payment,1.3
747,24/01/2025 19:14:32,415172,793264,542061,485.49,482.06,Course fees,3.43
748,24/01/2025 13:17:06,672212,625134,535423,751.12,746.36,Decoration fund,4.76
749,09/08/2024 23:44:30,962755,879554,632101,536.04,532.36,Thanks for dinner!,3.68
750,18/05/2025 12:56:36,502400,760482,232079,306.67,304.14,Spotify family,2.53
751,07/04/2025 06:51:06,625134,194270,620551,622.11,618,Takeout share,4.11
752,02/07/2025 08:42:09,234055,784106,389226,434.48,431.31,Airport shuttle,3.17
753,13/07/2023 00:57:54,575781,216421,620551,555.15,551.37,Coffee money,3.78
754,01/06/2025 00:03:57,974668,689833,584090,604.25,600.23,Zoo visit,4.02
755,29/10/2024 16:29:15,771256,793264,544191,316.32,313.74,Thank you!,2.58
756,20/04/2025 09:29:32,283675,951587,232079,117.07,115.48,Music lesson,1.59
757,01/02/2024 15:06:09,521240,672212,931291,559.94,556.14,Electric bill,3.8
758,29/08/2025 15:12:39,216421,357218,895509,849.07,843.82,Craft materials,5.25
759,13/12/2023 20:48:08,795275,575781,954321,791.13,786.17,Workshop fee,4.96
760,04/01/2025 23:16:23,767054,562120,713474,522.9,519.29,Art supplies,3.61
761,02/08/2025 18:46:52,274293,251878,529725,859.36,854.06,Concert tickets,5.3
762,15/06/2024 04:13:39,502400,962129,232079,930.86,925.21,Pet toys,5.65
763,24/01/2025 19:44:52,140738,194071,476826,823.43,818.31,Pet supplies,5.12
764,31/10/2024 14:12:08,244990,446699,426032,66.74,65.41,Appreciate it!,1.33
765,07/01/2023 04:52:09,665445,795275,803650,132.87,131.21,Sports gear,1.66
766,25/06/2025 21:51:27,415172,173686,383707,335.1,332.42,Dance class,2.68
767,14/10/2024 17:17:39,446699,125053,228232,413.81,410.74,For today,3.07
768,09/12/2024 05:34:08,707847,962129,803650,815.02,809.94,Holiday party,5.08
769,15/07/2025 00:46:27,502400,807220,232079,752.45,747.69,Utilities share,4.76
770,16/05/2024 10:48:02,729474,364480,129257,923.42,917.8,Book share,5.62
771,10/05/2025 02:55:36,543676,251878,268383,838.05,832.86,Bike share,5.19
772,01/07/2025 17:46:46,248056,385205,384186,921.33,915.72,Internet bill,5.61
773,02/09/2025 00:10:02,251878,187388,238563,331.36,328.7,Insurance split,2.66
774,20/08/2025 10:35:51,729474,625134,129257,434.86,431.69,Insurance split,3.17
775,14/05/2023 21:43:12,216421,382272,341531,203.01,200.99,BBQ supplies,2.02
776,18/08/2023 03:52:50,543676,808662,261779,128.02,126.38,Cooking class,1.64
777,22/02/2024 16:50:34,771210,283675,620551,552.04,548.28,Thanks for dinner!,3.76
778,15/07/2025 12:30:29,756639,643351,584090,427.5,424.36,Toll money,3.14
779,17/06/2025 01:36:54,243026,521240,984315,581.84,577.93,Celebration fund,3.91
780,21/08/2023 03:26:00,978806,760482,584090,373.13,370.26,Airport shuttle,2.87
781,03/12/2024 19:16:39,879554,928533,544191,966.61,960.78,Anniversary gift,5.83
782,17/08/2025 00:09:40,594592,922494,426032,849.7,844.45,Online course,5.25
783,10/07/2025 02:29:53,840829,660696,620551,760.2,755.4,Great time!,4.8
784,05/09/2025 21:42:12,187388,140738,713474,65.66,64.33,Insurance split,1.33
785,23/04/2025 03:16:09,626486,543676,426032,550.94,547.19,Car wash,3.75
786,01/09/2025 06:58:09,294053,442703,776787,853.53,848.26,Gas money,5.27
787,08/05/2025 18:58:51,249849,762143,529725,746,741.27,Parking fee,4.73
788,17/09/2024 04:01:39,249849,357218,529725,933.24,927.57,Family reunion,5.67
789,13/01/2025 09:56:15,575781,594592,620551,748.72,743.98,BBQ supplies,4.74
790,24/05/2024 21:40:04,382753,194270,827955,652.2,647.94,Water bill,4.26
791,27/05/2025 09:34:35,194071,707847,512003,323.05,320.43,Dance class,2.62
792,24/09/2024 11:01:31,357218,594592,895509,408.35,405.31,Car maintenance,3.04
793,02/02/2025 14:55:34,767054,659655,713474,216.95,214.87,Car maintenance,2.08
794,03/05/2024 21:47:30,594592,575781,426032,952.57,946.81,Yoga class,5.76
795,28/10/2024 04:36:46,771210,707847,620551,324.73,322.11,Great time!,2.62
796,01/11/2024 01:23:49,728880,446699,521818,409,405.96,Phone bill,3.04
797,29/06/2025 06:27:28,795275,660696,984315,369.77,366.92,Breakfast club,2.85
798,02/08/2025 06:43:06,672212,137641,535423,631.19,627.03,Sports gear,4.16
799,05/09/2025 11:07:18,510543,382753,175713,741.16,736.45,Car wash,4.71
800,29/04/2025 01:48:40,807220,521240,984315,211.45,209.39,Group project,2.06
801,06/07/2025 10:07:39,756639,123752,584090,976.85,970.97,Printing costs,5.88
802,05/04/2025 04:31:41,123752,962755,426032,643.98,639.76,My portion,4.22
803,26/08/2025 16:51:53,510543,243026,175713,547.15,543.41,Camping supplies,3.74
804,03/10/2022 07:37:18,665445,194071,803650,142.01,140.3,Bus pass,1.71
805,09/03/2023 13:12:30,795275,244990,984315,176.34,174.46,Pet food share,1.88
806,25/06/2025 05:32:19,243026,689833,529660,885.5,880.07,Rent payment,5.43
807,03/09/2025 20:49:25,290279,251878,892058,797.7,792.71,Cleaning supplies,4.99
808,27/05/2025 13:02:42,125053,922494,341531,509.59,506.04,Cooking class,3.55
809,26/07/2024 17:16:35,771210,594592,620551,317.61,315.02,Printing costs,2.59
810,25/08/2024 08:55:12,782705,928533,232079,720.09,715.49,Group activity,4.6
811,17/07/2025 00:05:28,382753,306988,827955,462.32,459.01,Vet bill,3.31
812,15/09/2024 18:37:13,928533,782705,713474,40.11,38.91,Airport shuttle,1.2
813,03/01/2023 17:23:52,707847,575781,943804,972.13,966.27,Split share,5.86
814,09/02/2025 03:44:16,349321,840829,426032,311.85,309.29,Furniture share,2.56
815,25/02/2025 11:45:45,123752,879554,426032,973.53,967.66,Thanks dad!,5.87
816,27/08/2025 04:55:53,248056,922494,384186,382.09,379.18,Cable share,2.91
817,23/04/2024 13:45:58,962129,382272,817148,335.94,333.26,My part,2.68
818,03/02/2025 06:43:56,962129,193501,817148,708.56,704.02,Tutorial payment,4.54
819,18/08/2025 22:52:00,760482,928533,943804,31.63,30.47,Furniture share,1.16
820,20/12/2022 16:35:10,879554,910951,353973,936.47,930.79,Utilities share,5.68
821,28/04/2024 03:53:16,625134,194270,620551,764.27,759.45,Netflix share,4.82
822,13/11/2024 00:00:35,928533,123752,713474,482.21,478.8,Book share,3.41
823,22/05/2025 06:57:33,672212,660696,746701,492.53,489.07,Ice cream run,3.46
824,10/06/2025 03:31:10,784106,626486,544191,151.39,149.63,Workshop fee,1.76
825,27/03/2025 12:40:00,840829,659655,620551,591.75,587.79,Lunch payment,3.96
826,18/03/2024 10:26:19,594592,962755,426032,732.7,728.04,Cable share,4.66
827,05/09/2025 17:30:31,879554,248056,353973,96.1,94.62,Pet sitting,1.48
828,08/01/2024 09:03:59,125053,771256,341531,938.26,932.57,Mini golf fun,5.69
829,25/07/2025 14:54:38,974668,364480,584090,790.32,785.37,Thanks for dinner!,4.95
830,31/07/2024 17:08:27,681780,290279,943804,695.98,691.5,Pet sitting,4.48
831,15/09/2024 05:44:18,672212,729474,535423,411.59,408.53,Grocery share,3.06
832,12/07/2025 23:59:36,125053,922494,341531,548.35,544.61,My portion,3.74
833,03/11/2023 18:26:07,382272,779290,892058,671.32,666.96,Snacks for movie,4.36
834,28/02/2023 23:21:07,762143,575781,529725,390.67,387.72,Brother's share,2.95
835,18/02/2025 00:02:03,382753,784106,827955,489.33,485.88,Cafe money,3.45
836,06/07/2025 11:15:32,364480,659655,954321,195.63,193.65,Family vacation fund,1.98
837,10/07/2025 17:19:00,643351,974668,584090,193.55,191.58,Bike share,1.97
838,07/07/2025 07:05:33,756639,689833,584090,88.81,87.37,Split bill,1.44
839,05/04/2025 14:46:00,729474,928533,129257,573.51,569.64,League fees,3.87
840,17/03/2025 04:11:32,807220,140738,984315,378.32,375.43,Theater tickets,2.89
841,01/06/2025 21:35:03,974668,728880,584090,868.39,863.05,Concert tickets,5.34
842,13/08/2025 10:41:15,626486,502400,426032,354.57,351.8,Dinner last night,2.77
843,12/11/2024 08:24:07,216421,364480,895509,238.02,235.83,Study materials,2.19
844,26/06/2024 19:04:07,244990,357218,426032,322.48,319.87,Holiday party,2.61
845,21/08/2025 17:53:06,626486,418277,426032,16.73,15.65,Great time!,1.08
846,30/07/2025 16:27:36,756639,771256,584090,450.27,447.02,Craft materials,3.25
847,15/08/2025 21:09:28,562120,922494,542061,411.06,408,Pet toys,3.06
848,17/04/2025 13:40:55,140738,767054,476826,497.17,493.68,Cooking class,3.49
849,20/06/2025 12:28:32,140738,248056,892058,690.32,685.87,Birthday party,4.45
850,26/06/2025 03:26:34,906388,962755,529725,938.45,932.76,Internet bill,5.69
851,26/10/2021 05:18:23,962755,216421,535423,227.89,225.75,Love you!,2.14
852,02/09/2025 23:52:21,962129,562120,444855,278.43,276.04,Your share,2.39
853,28/08/2025 10:08:08,234055,187388,389226,867.56,862.22,Miss you!,5.34
854,01/03/2025 21:55:32,922494,594592,175713,719.44,714.84,Zoo visit,4.6
855,18/07/2025 13:46:13,922494,689833,175713,846.42,841.19,Lab supplies,5.23
856,18/07/2023 03:23:53,249849,879554,529725,233.58,231.41,Brunch share,2.17
857,17/11/2021 00:25:32,782705,962755,232079,300.98,298.48,Great time!,2.5
858,08/05/2023 12:19:24,795275,729474,954321,62.05,60.74,Baby shower gift,1.31
859,10/05/2025 19:03:07,194270,385205,261779,164.8,162.98,Concert tickets,1.82
860,25/05/2025 03:00:29,442703,626486,232079,523.1,519.48,My part,3.62
861,27/07/2025 05:17:23,140738,962755,476826,60.65,59.35,Team uniforms,1.3
862,13/02/2024 13:13:18,771256,767054,544191,189.95,188,Great time!,1.95
863,08/08/2024 22:39:19,672212,729474,313030,928.47,922.83,School supplies,5.64
864,11/04/2025 10:58:03,767054,251878,713474,809.88,804.83,Textbook share,5.05
865,26/08/2023 15:38:51,978806,349321,584090,767.13,762.29,Brunch share,4.84
866,30/07/2025 10:38:58,626486,756639,426032,642.57,638.36,Game night snacks,4.21
867,18/10/2024 18:38:16,283675,962129,232079,272.46,270.1,Spotify family,2.36
868,21/05/2025 07:31:52,793264,807220,827955,589.18,585.23,Thanks for dinner!,3.95
869,08/08/2025 01:37:29,194270,194071,268383,274.47,272.1,Gaming subscription,2.37
870,15/08/2025 12:30:58,364480,187388,984315,646.67,642.44,Chess club,4.23
871,22/07/2024 00:27:38,357218,382272,895509,900.42,894.92,Electric bill,5.5
872,09/03/2025 14:17:53,382753,543676,827955,511.93,508.37,Your share,3.56
873,24/08/2025 09:11:56,283675,807220,232079,642.72,638.51,Museum tickets,4.21
874,28/08/2025 03:59:58,665445,442703,943804,791.21,786.25,Wedding gift,4.96
875,22/06/2025 01:24:31,660696,762143,353973,728.07,723.43,School supplies,4.64
876,24/01/2025 02:47:56,123752,762143,426032,684.14,679.72,Lab supplies,4.42
877,16/07/2025 21:43:18,243026,771210,954321,262.54,260.23,Netflix share,2.31
878,17/11/2021 05:20:37,962755,681780,632101,368.67,365.83,Swimming pool pass,2.84
879,07/10/2023 07:12:38,728880,249849,521818,468.99,465.65,Family vacation fund,3.34
880,29/01/2024 21:06:03,123752,928533,426032,344.85,342.13,Workshop materials,2.72
881,23/07/2025 11:05:27,385205,626486,954321,361.73,358.92,Course fees,2.81
882,25/02/2025 08:17:58,543676,978806,268383,349.62,346.87,Cheers!,2.75
883,28/01/2022 00:12:37,244990,793264,426032,601.71,597.7,Comedy show,4.01
884,23/03/2025 02:28:36,194270,782705,261779,499.04,495.54,Course fees,3.5
885,03/06/2025 13:23:05,660696,290279,544191,427.09,423.95,For today,3.14
886,21/07/2025 14:40:00,978806,173686,584090,451.69,448.43,Pet supplies,3.26
887,11/11/2024 17:28:18,681780,283675,803650,723.52,718.9,Book club dues,4.62
888,10/07/2025 11:39:49,771210,728880,620551,100.44,98.94,My part,1.5
889,15/05/2025 16:25:02,294053,123752,713474,196.35,194.37,Bike share,1.98
890,23/08/2024 16:24:38,672212,575781,535423,402.62,399.61,Christmas present,3.01
891,18/05/2025 08:06:51,125053,294053,895509,737.88,733.19,League fees,4.69
892,02/06/2025 00:32:29,626486,382272,426032,213.82,211.75,Camping supplies,2.07
893,28/04/2025 09:58:03,306988,660696,943804,138.56,136.87,Pet sitting,1.69
894,15/02/2023 01:36:24,306988,244990,803650,86.64,85.21,Garden tools,1.43
895,30/04/2025 20:43:30,962755,415172,632101,582.97,579.06,Tennis court fee,3.91
896,30/05/2025 09:08:58,660696,249849,353973,65.65,64.32,Picnic share,1.33
897,22/08/2025 00:11:55,187388,659655,776787,28.98,27.84,Pet sitting,1.14
898,20/05/2025 21:13:55,442703,689833,232079,776.83,771.95,Gaming subscription,4.88
899,18/10/2024 06:19:39,543676,659655,261779,24.5,23.38,Restaurant bill,1.12
900,07/06/2025 00:56:10,784106,793264,353973,756.18,751.4,Wedding gift,4.78
901,26/06/2025 00:55:33,659655,922494,313030,453.49,450.22,My part,3.27
902,29/10/2023 02:27:30,762143,194071,529725,361,358.2,Museum tickets,2.8
903,03/08/2025 16:33:38,442703,357218,232079,879.96,874.56,Birthday party,5.4
904,13/08/2024 08:50:56,216421,249849,895509,907.92,902.38,Coffee money,5.54
905,10/01/2025 05:45:27,123752,906388,426032,680.05,675.65,Phone bill,4.4
906,13/06/2025 04:46:38,243026,760482,954321,102.09,100.58,Bus pass,1.51
907,19/08/2025 03:39:58,660696,659655,353973,116.15,114.57,Housewarming,1.58
908,02/05/2024 12:13:33,707847,123752,803650,95.92,94.44,My portion,1.48
909,25/01/2022 04:19:46,951587,771256,462130,680.35,675.95,Picnic share,4.4
910,21/10/2024 23:47:58,643351,729474,584090,111.74,110.18,Car maintenance,1.56
911,27/02/2025 10:38:44,562120,193501,542061,573.8,569.93,Birthday party,3.87
912,29/06/2025 04:10:29,249849,216421,529725,677.55,673.16,Library fees,4.39
913,13/06/2025 14:53:21,660696,521240,353973,800.57,795.57,Music lesson,5
914,28/07/2025 04:42:20,793264,665445,827955,634.33,630.16,Lab supplies,4.17
915,27/05/2025 09:47:56,626486,906388,426032,941.34,935.63,Swimming pool pass,5.71
916,10/04/2024 17:42:08,999885,728880,829678,627.87,623.73,My portion,4.14
917,21/12/2024 09:14:37,728880,290279,700530,913.09,907.52,Enjoy!,5.57
918,07/01/2025 07:24:22,415172,382272,147837,37.84,36.65,Road trip fund,1.19
919,04/07/2024 17:26:37,779290,928533,129257,824.77,819.65,Christmas present,5.12
920,03/01/2025 10:24:30,442703,290279,232079,182.22,180.31,Holiday party,1.91
921,28/04/2025 19:24:42,660696,364480,353973,821.48,816.37,Pet toys,5.11
922,30/07/2024 02:26:56,879554,349321,544191,93.12,91.65,Thanks!,1.47
923,07/07/2025 18:59:52,795275,771210,984315,350.86,348.11,Cooking class,2.75
924,30/11/2022 04:56:10,962755,760482,535423,221.07,218.96,Snacks for movie,2.11
925,11/06/2024 23:59:20,728880,543676,700530,405.44,402.41,Ice cream run,3.03
926,24/08/2024 06:34:51,521240,194270,931291,907.04,901.5,Hobby supplies,5.54
927,28/05/2023 02:52:11,910951,194071,423390,661.37,657.06,Comedy show,4.31
928,27/04/2022 12:38:04,249849,795275,529725,451.43,448.17,Sports gear,3.26
929,18/08/2025 01:01:57,137641,510543,713474,367.2,364.36,Snacks for movie,2.84
930,21/08/2025 12:28:02,672212,767054,313030,586.42,582.49,Miss you!,3.93
931,13/07/2023 00:51:07,543676,779290,268383,817.9,812.81,Rent payment,5.09
932,24/03/2024 04:26:04,382272,771256,892058,256.31,254.03,My portion,2.28
933,12/06/2025 06:54:39,879554,689833,353973,647.28,643.04,Dog walker,4.24
934,20/10/2023 19:21:52,760482,173686,943804,883.16,877.74,Pet supplies,5.42
935,13/11/2024 08:33:02,364480,808662,529660,667.7,663.36,Zoo visit,4.34
936,16/06/2024 03:27:44,543676,306988,261779,460.84,457.54,Breakfast club,3.3
937,26/04/2025 19:12:03,793264,575781,827955,389.07,386.12,League fees,2.95
938,18/05/2025 10:28:50,626486,795275,426032,582.44,578.53,Brunch share,3.91
939,04/07/2025 12:38:39,194270,784106,268383,672.58,668.22,Split bill,4.36
940,27/02/2022 13:57:34,760482,543676,943804,365.16,362.33,Hobby supplies,2.83
941,11/04/2025 09:27:22,415172,689833,111745,905.41,899.88,League fees,5.53
942,23/11/2024 06:11:48,385205,562120,954321,469.3,465.95,Basketball court,3.35
943,13/10/2024 11:14:27,951587,415172,462130,491.96,488.5,Have fun!,3.46
944,29/06/2024 13:28:25,951587,521240,423390,138.09,136.4,Textbook share,1.69
945,23/07/2024 07:00:21,194270,962129,268383,780.21,775.31,Train ticket,4.9
946,28/01/2024 17:54:57,879554,249849,544191,854.6,849.33,Movie night!,5.27
947,19/06/2025 22:06:49,243026,442703,529660,93.37,91.9,As discussed,1.47
948,15/07/2023 21:14:34,962755,125053,535423,183.04,181.12,For today,1.92
949,22/05/2025 09:10:19,922494,795275,438076,973.12,967.25,Baby shower gift,5.87
950,24/07/2024 04:49:44,194071,249849,389226,34.42,33.25,Party supplies,1.17
951,04/09/2025 19:22:16,274293,660696,529725,219.96,217.86,Enjoy!,2.1
952,31/07/2025 17:55:41,193501,382272,537629,925.81,920.18,Gym membership,5.63
953,04/09/2025 04:22:19,249849,187388,529725,17.02,15.93,Takeout share,1.09
954,17/07/2025 15:44:54,294053,962755,713474,653.61,649.34,Festival tickets,4.27
955,03/12/2024 12:21:24,659655,707847,632101,626.32,622.19,Your share,4.13
956,30/08/2025 11:54:52,251878,234055,238563,812.83,807.77,Holiday party,5.06
957,03/08/2025 03:17:55,767054,248056,776787,489.04,485.59,Dance class,3.45
958,17/08/2025 02:04:19,594592,442703,426032,827.28,822.14,Book club dues,5.14
959,20/06/2025 07:42:20,760482,795275,943804,296.26,293.78,Lab supplies,2.48
960,15/02/2024 00:24:08,771256,771210,544191,580.03,576.13,Pet supplies,3.9
961,26/07/2025 02:05:47,193501,771210,595518,507.6,504.06,Camping supplies,3.54
962,11/01/2024 22:29:17,306988,249849,943804,669.29,664.94,Thanks!,4.35
963,12/12/2024 14:45:09,879554,999885,544191,904.16,898.64,Theater tickets,5.52
964,20/08/2025 02:53:46,364480,808662,984315,508.19,504.65,Golf round,3.54
965,18/12/2024 04:11:44,244990,521240,426032,861.34,856.03,Great time!,5.31
966,08/01/2025 06:11:48,216421,808662,895509,92.95,91.49,Online course,1.46
967,09/07/2025 10:29:13,626486,951587,426032,273.57,271.2,Workshop materials,2.37
968,21/11/2023 11:05:58,707847,771210,803650,214.47,212.4,Family reunion,2.07
969,11/07/2025 06:41:49,729474,689833,129257,918.37,912.78,Your share,5.59
970,10/08/2025 15:01:23,418277,193501,521818,362.51,359.7,Decoration fund,2.81
971,26/01/2023 09:11:13,795275,194071,984315,765.52,760.69,My portion,4.83
972,03/05/2025 02:22:21,357218,665445,341531,597.64,593.65,Grocery share,3.99
973,15/08/2024 04:42:16,575781,502400,620551,585.51,581.58,Lunch payment,3.93
974,14/06/2025 10:00:45,562120,575781,542061,518.38,514.79,Have fun!,3.59
975,10/03/2024 13:21:11,364480,760482,529660,849.72,844.47,Breakfast club,5.25
976,27/07/2025 12:33:15,756639,125053,584090,339.97,337.27,Thanks grandma!,2.7
977,02/02/2025 04:36:28,840829,767054,620551,796.02,791.04,Movie night!,4.98
978,11/01/2025 22:00:43,808662,922494,332732,978.55,972.66,Wedding gift,5.89
979,06/10/2022 23:26:30,793264,910951,827955,466.07,462.74,Bus pass,3.33
980,09/12/2023 05:59:45,357218,793264,341531,878.54,873.15,Concert tickets,5.39
981,27/08/2025 11:13:49,234055,418277,389226,335.47,332.79,BBQ supplies,2.68
982,10/12/2024 03:04:54,194071,415172,389226,463.19,459.87,Tennis court fee,3.32
983,28/02/2025 07:19:06,728880,707847,700530,30.94,29.79,Picnic share,1.15
984,01/04/2024 02:41:30,782705,244990,232079,945.85,940.12,Takeout share,5.73
985,18/08/2025 07:01:39,502400,807220,232079,191.73,189.77,Group dinner,1.96
986,27/06/2025 20:40:07,974668,294053,584090,135.37,133.69,Have fun!,1.68
987,12/08/2025 06:11:45,123752,660696,426032,204.02,202,School supplies,2.02
988,20/07/2025 22:46:29,808662,974668,332732,924.05,918.43,Game night snacks,5.62
989,01/10/2024 03:51:12,543676,728880,261779,662.31,658,Holiday party,4.31
990,14/07/2023 08:24:14,760482,707847,943804,118.97,117.38,Group dinner,1.59
991,30/05/2025 15:33:17,928533,840829,776787,159.75,157.95,Birthday party,1.8
992,20/04/2025 00:00:10,349321,294053,426032,544.27,540.55,Welcome party,3.72
993,08/03/2025 00:26:12,249849,382753,529725,641.97,637.76,Dinner last night,4.21
994,09/07/2025 08:38:00,974668,762143,584090,476.61,473.23,Music lesson,3.38
995,09/07/2025 02:35:42,173686,294053,332732,126.83,125.2,Have fun!,1.63
996,02/10/2023 18:48:06,385205,728880,529660,946.73,941,Golf round,5.73
997,13/11/2024 15:13:48,707847,729474,803650,72.28,70.92,Museum tickets,1.36
998,25/06/2025 16:51:21,808662,234055,425996,748.17,743.43,Festival tickets,4.74
999,16/04/2025 02:14:46,234055,193501,389226,923.94,918.32,Appreciate it!,5.62
1000,20/06/2021 00:55:57,795275,665445,954321,71.06,69.7,Pet supplies,1.36
